Date,Start Time,End Time,Event Title,Location,Description
2023-01-01,09:00,10:00,"New Year's Brunch","Smith Residence","Celebrating the new year with the family, discussing resolutions and future plans. Mike and Tina are excited to share their goals."
2023-01-02,07:30,08:30,"Morning Jog","Local Park","John starts his fitness resolution by jogging with a neighbor. They discuss upcoming community events and the park’s new trail extension."
2023-01-03,09:00,11:00,"Project Kickoff Meeting","Acme HQ - Conference Room B","John meets with the Acme Construction team to outline tasks for the Highway 63 Overpass, setting deadlines and roles for each member."
2023-01-04,13:00,14:30,"Lunch with Manager","Café Brewster","Discussing quarterly budget updates and aligning on targets for the engineering project while reviewing new city regulations."
2023-01-05,15:00,16:00,"Client Call - City Gov","Online (Zoom)","John presents early structural drawings to city officials and fields questions about environmental impact and pedestrian safety measures."
2023-01-06,18:00,20:00,"Family Movie Night","Smith Residence","Movie marathon with Mary, Mike, and Tina. Kids choose a classic animated film; John pops popcorn and fields random engineering questions from Mike."
2023-01-07,08:30,09:30,"Weekly Site Walkthrough","Highway 63 Overpass Site","Inspecting foundation areas with Tom Baker and Phil from the contractor team. Confirming soil conditions and rebar scheduling."
2023-01-08,10:00,11:30,"Music Brainstorm Session","John's Home Studio","John composes initial riffs for an acoustic track. He records voice memos to share with Tony and takes notes on possible synth layers."
2023-01-09,14:00,15:00,"Budget Checkpoint","Acme HQ - Finance Office","Meeting with the finance team to reconcile cost estimates for steel reinforcement and finalize Q1 capital allocations."
2023-01-10,17:00,18:30,"Mike's Soccer Practice","School Field","John cheers on Mike during practice. He also chats with other parents about local sports events and possible weekend meetups."
2023-01-11,08:00,08:45,"Team Huddle","Acme HQ - Engineering Floor","Short discussion with the engineering team to ensure tasks are on track, especially structural analysis for load-bearing pillars."
2023-01-12,12:00,13:00,"Lunch & Learn","Acme HQ - Break Room","Company hosts a wellness talk about work-life balance. John shares his recent experience juggling engineering deadlines and family commitments."
2023-01-13,09:30,10:30,"Site Safety Review","Highway 63 Overpass Site","Reviewing safety protocols with on-site workers. Checking protective gear, signage, and compliance with local construction guidelines."
2023-01-14,16:00,17:30,"Tina's Ballet Practice","Community Dance Studio","Watching Tina rehearse her new routine for the upcoming recital. She's excited about a new solo part assigned by her instructor."
2023-01-15,11:00,12:00,"Family Brunch","Mary's Parents' House","Gathering with extended family, enjoying homemade dishes, and discussing upcoming birthdays and vacation ideas for later in the year."
2023-01-16,07:45,08:30,"Morning Run","Local Park","John attempts a faster pace for his 5K route, monitoring progress via a fitness app. He’s motivated to break his personal record."
2023-01-17,14:00,16:00,"Client Stakeholder Presentation","City Hall - Conference Room 2","John presents updated structural drawings to city council members, emphasizing safety measures and cost savings from recent design tweaks."
2023-01-18,19:00,21:00,"Music Collab Session","Tony's Garage Studio","John and Tony finalize lyrics for their acoustic-electronic fusion track, experimenting with chord progressions and digital samples."
2023-01-19,09:15,10:00,"Weekly Check-In","Acme HQ - Manager's Office","John updates his manager on project milestones, potential delays, and budget concerns. They brainstorm ways to streamline tasks."
2023-01-20,12:30,13:30,"Lunch with Contractor Phil","Deli Downtown","Discussing supply timelines for steel and rebar ties over sandwiches. They also touch on new safety protocols to implement on-site."
2023-01-21,07:00,08:00,"Early Morning Site Inspection","Highway 63 Overpass Site","Verifying geotechnical conditions post-rainfall to ensure no flooding or erosion near the foundation. John documents findings with photos."
2023-01-22,15:00,16:30,"Mike's Science Project Work","Smith Residence","Assisting Mike with a cardboard roller coaster model, explaining basic physics concepts like potential energy and gravity."
2023-01-23,10:00,11:00,"Engineering Team Meeting","Acme HQ - Conference Room C","Aligning the engineering team on the upcoming tasks: rebar layout, forming schedule, and quality control checks for the next phase."
2023-01-24,14:30,15:30,"Budget Realignment Session","Online (Zoom)","John meets with finance reps to address cost overruns and ensure the project stays within the newly approved fiscal constraints."
2023-01-25,19:00,21:00,"Evening Music Recording","John's Home Studio","John experiments with layering new guitar riffs over ambient tracks. He keeps detailed notes on each take for future editing."
2023-02-01,09:00,09:30,"Daily Stand-Up","Acme HQ - Engineering Floor","Quick updates from each engineer on project tasks, highlighting any roadblocks or resource constraints that need escalation."
2023-02-02,11:00,12:00,"Environmental Assessment Call","Online (Teams)","Conference with an environmental consultant to review wetland impact near the overpass and confirm compliance with city regulations."
2023-02-03,07:00,08:00,"Fitness Challenge Run","Neighborhood Streets","John joins coworkers for a pre-work run as part of Acme’s wellness challenge, comparing step counts and motivating each other."
2023-02-04,13:00,14:30,"Weekend Errands","Local Shopping Center","Family outing for groceries, school supplies, and some new soccer gear for Mike. Tina also picks out a new leotard for ballet."
2023-02-05,09:00,10:00,"Site Cleanup Coordination","Highway 63 Overpass Site","Organizing an extra crew to tidy up the work area before Monday's city inspection. John checks that all tools are safely stored."
2023-02-06,10:30,12:00,"HR Workshop","Acme HQ - HR Conference Room","John attends a workshop on effective communication and stress management, part of his company’s professional development program."
2023-02-07,15:00,16:00,"Inspection Follow-Up","City Hall - Office 312","Discussing results of the recent site inspection with local officials. They highlight drainage concerns that might need immediate fixes."
2023-02-08,07:30,08:30,"Morning Mentorship Session","Acme HQ - John’s Desk","John helps a junior engineer interpret rebar specs and cross-check blueprint details. They discuss load calculations and safety margins."
2023-02-09,18:00,20:00,"Family Dinner Out","Italian Bistro","John, Mary, Mike, and Tina enjoy a special dinner celebrating Mike’s successful soccer match and Tina’s ballet progress."
2023-02-10,09:00,10:00,"Weekly Team Sync","Acme HQ - Conference Room B","Engineering and contractor teams gather to confirm tasks for the upcoming week. John emphasizes the need to stay on schedule."
2023-02-11,08:00,09:00,"Run & Reflect","Local Park","John uses his weekend run to brainstorm new ideas for both work and music, taking mental notes on chord progressions and project timelines."
2023-02-12,14:00,15:30,"Mike's Soccer Match","School Stadium","Cheering Mike from the stands. John briefly chats with the coach about extending training sessions ahead of the next tournament."
2023-02-13,10:00,11:00,"Technical Deep-Dive","Acme HQ - Engineering Floor","Reviewing detailed calculations for foundation design with Tom Baker. They check for any structural vulnerabilities in the blueprint."
2023-02-14,19:00,21:30,"Valentine's Day Dinner","Smith Residence","John and Mary have a cozy home-cooked meal after the kids go to bed. They share updates about work, school events, and upcoming travel."
2023-02-15,09:30,11:00,"City Planning Workshop","City Hall - Meeting Room 4","Attending a workshop on long-term city infrastructure plans. John networks with other engineers and city officials to share best practices."
2023-02-16,16:00,17:00,"Steel Supplier Call","Online (Teams)","Negotiating delivery dates with the steel supplier, ensuring minimal delays for upcoming tasks and verifying contract terms."
2023-02-17,07:45,08:30,"Early Fitness Session","Local Gym","John adds weight training to his regimen, focusing on upper body strength to complement his running routine."
2023-02-18,12:00,13:00,"Ballet Costume Pick-Up","Dance Supply Store","John accompanies Tina to pick up her recital costume. They double-check measurements and alterations with the store staff."
2023-02-19,08:30,10:00,"Site Review and Cleanup","Highway 63 Overpass Site","Sunday morning sweep to clear debris. John checks the progress of the newly placed rebar and organizes a list of missing materials."
2023-02-20,09:00,10:30,"Manager One-on-One","Acme HQ - Manager’s Office","Discussing career goals, upcoming tasks, and potential leadership training. John expresses interest in mentoring more junior engineers."
2023-02-21,14:00,15:00,"Contractor Status Meeting","Acme HQ - Conference Room A","Phil updates John on supplier schedules for concrete, rebar ties, and other materials needed in the next phase of construction."
2023-02-22,20:00,22:00,"Studio Rehearsal with Tony","Tony's Garage Studio","Testing out new guitar pedals, practicing harmonies, and recording scratch tracks for a possible EP release."
2023-02-23,10:00,11:00,"In-House Safety Audit","Acme HQ","HR and safety officials walk through the office, checking compliance with fire exits, first aid kits, and standard safety protocols."
2023-02-24,13:30,14:00,"Midday Coffee Break","Acme HQ - Cafeteria","John takes a quick break to recharge, chatting with colleagues about local news, sports, and the upcoming weekend."
2023-02-25,15:00,18:00,"Tina’s Ballet Recital","Community Theater","Family event watching Tina perform her new ballet routine. She’s excited to showcase the routine she’s been practicing for weeks."

2023-03-01,09:30,10:00,"Daily Stand-Up","Acme HQ - Engineering Floor","Engineers share top priorities and confirm cross-team handoffs. John highlights the need to finalize drainage plans ASAP."
2023-03-02,11:00,12:00,"Wellness Walk","Corporate Campus","John and a few coworkers participate in a short midday walk to boost activity for the company's wellness challenge."
2023-03-03,14:00,15:00,"Design Review Session","Acme HQ - Digital Lab","Reviewing updated CAD drawings for minor alignment shifts in the overpass ramp, ensuring compliance with revised city specs."
2023-03-04,10:00,11:30,"Park Time with Family","Local Park","John and Mary take Mike and Tina to the park, enjoying a sunny morning. John shares fun facts about bridge design with Mike."
2023-03-05,07:00,08:00,"Site Prep","Highway 63 Overpass Site","Inspecting forms and rebar placements before a major concrete pour the following day, verifying everything is set for Monday morning."
2023-03-06,13:00,14:00,"Concrete Pour Monitoring","Highway 63 Overpass Site","John oversees the pouring process, ensuring even distribution and checking for any cracks or misalignment during the initial set."
2023-03-07,19:00,20:30,"Conference Call - Green Building","Online Webinar","John tunes into a webinar about eco-friendly materials in civil engineering, taking notes on potential future project applications."
2023-03-08,09:00,10:00,"Mentorship Check-In","Acme HQ - John’s Desk","John advises a junior engineer on advanced load calculation methods, ensuring clarity on design standards and best practices."
2023-03-09,18:00,19:00,"Dinner with Neighbors","Smith Residence","Inviting the next-door neighbors over for a casual meal, swapping stories about local community events and volunteer opportunities."
2023-03-10,10:00,11:00,"City Council Briefing","City Hall - Council Chamber","Presenting the final design doc to city council members, outlining any last-minute changes to the overpass approach lanes."
2023-03-11,09:30,10:30,"Mike's Soccer Scrimmage","School Field","Supporting Mike during a practice match. John chats with the coach about the team’s strategy and upcoming tournaments."
2023-03-12,14:00,15:30,"Family Board Games","Smith Residence","Relaxing afternoon playing board games. Tina teaches everyone a new game she learned at a friend’s house."
2023-03-13,07:30,08:30,"Early Morning Gym","Local Gym","John fits in a quick cardio and weights session, aiming to keep his fitness streak alive while balancing busy workdays."
2023-03-14,16:00,17:00,"Progress Report Review","Acme HQ - Manager's Office","John and his manager go through the monthly progress report, highlighting project wins and identifying any scheduling risks."
2023-03-15,08:00,09:00,"Safety Compliance Meeting","Online (Teams)","Discussing updated safety checklists with the city safety official, ensuring all construction guidelines are properly followed."
2023-03-16,18:00,20:00,"Music Open Mic Night","Town Music Bar","John and Tony perform a short acoustic set. They test a new song that blends lo-fi beats with live guitar, receiving positive feedback."
2023-03-17,12:00,13:00,"Team Lunch","Acme HQ - Break Room","Celebrating a milestone achievement: the overpass foundation has passed initial inspections. Everyone shares project highlights."
2023-03-18,09:00,11:00,"Weekend Site Oversight","Highway 63 Overpass Site","John does a walkthrough to ensure no weather-related issues. He confirms the next steps for rebar tie replacements with Phil."
2023-03-19,15:00,16:00,"Tina’s Art Project Review","Smith Residence","Helping Tina assemble her class art project featuring a family portrait, discussing color choices and layout techniques."
2023-03-20,10:00,11:30,"Quarterly Budget Meeting","Acme HQ - Conference Room A","John presents revised cost allocations for the project. Management asks for contingency planning to cover any upcoming material price spikes."
2023-03-21,20:00,22:00,"Studio Recording Session","John's Home Studio","John refines the guitar layering for a track he hopes to release with Tony. They focus on mixing and arrangement details."
2023-03-22,08:30,09:15,"Engineering Sync","Acme HQ - Engineering Floor","The team checks the new blueprint updates. John ensures the changes reflect the city’s new pedestrian-safety guidelines."
2023-03-23,14:00,15:00,"Junior Engineer Workshop","Acme HQ - CAD Lab","John hosts a mini-workshop teaching CAD tips and advanced blueprint annotation to a small group of junior engineers."
2023-03-24,07:45,08:45,"Morning Run","Local Park","Picking up the pace to prepare for a 5K charity race. John tracks his speed splits and sets a personal best for mile time."
2023-03-25,13:00,15:00,"Open Mic Rehearsal","Tony's Garage Studio","Final practice before an evening performance. They run through song transitions and decide on the final set order."
2023-04-01,09:00,09:30,"Daily Stand-Up","Acme HQ - Engineering Floor","Reviewing immediate tasks with the engineering team. Emphasis on finishing drainage channels and verifying slope calculations."
2023-04-02,10:00,11:30,"Family Grocery Run","Local Supermarket","Stocking up on weekly essentials. Mike insists on buying extra fruit for post-practice snacks while Tina picks out colorful art supplies."
2023-04-03,14:00,15:00,"City Rep Walkthrough","Highway 63 Overpass Site","Showing the city representative the progress since the last visit. They discuss potential landscaping requirements around the pillars."
2023-04-04,08:00,09:00,"Early Coffee Meeting","Local Café","John meets with Tom Baker to align on next steps for the overpass ramp rebar. They also chat about upcoming vacations and personal plans."
2023-04-05,13:00,14:00,"Board Meeting Presentation","Acme HQ - Executive Room","John updates the board on project cost performance and timeline status. Highlights a recent cost-saving measure regarding steel orders."
2023-04-06,19:00,21:00,"Family Dinner Night","Smith Residence","Inviting Mary’s parents over for a home-cooked meal. They talk about summer plans and Tina’s continued interest in the arts."
2023-04-07,07:30,08:30,"Team Huddle","Acme HQ - Engineering Floor","Short discussion on pending tasks: final rebar check, traffic diversion plan, and next big milestone (installing guard rails)."
2023-04-08,09:30,11:00,"Weekend Park Cleanup","Local Park","Volunteering as a family, picking up litter and pruning overgrown bushes. The kids learn about community service and recycling."
2023-04-09,12:00,13:30,"Music Recording Follow-Up","John's Home Studio","Revisiting a track from last month, adding subtle vocal harmonies and adjusting drum samples for a more cohesive sound."
2023-04-10,16:00,17:30,"Progress Check & Mentoring","Acme HQ - CAD Lab","John and a junior engineer review final designs for the next overpass phase. They troubleshoot a minor blueprint mismatch together."
2023-04-11,07:45,08:45,"Morning Fitness Run","Neighborhood Streets","John tests his endurance, running a bit farther than usual. He logs progress into his fitness tracker to compete in Acme’s wellness challenge."
2023-04-12,11:00,12:00,"Site Contractor Meeting","Acme HQ - Conference Room A","Phil shares updated vendor quotes for materials. Everyone discusses strategies to minimize cost overruns while ensuring quality."
2023-04-13,20:00,21:30,"Family Game Night","Smith Residence","Playing a new cooperative board game Tina received as a gift. Laughter and mild sibling rivalry ensue."
2023-04-14,09:00,10:00,"Inspection Dry Run","Highway 63 Overpass Site","Simulating a city inspection with the team, checking all signage, guardrails, and safety equipment for compliance."
2023-04-15,14:00,15:30,"Kids' Art Exhibition","Local Community Center","Mike and Tina both display their recent school projects. John and Mary proudly admire their creativity."
2023-04-16,08:00,09:00,"Site Supervisor Sync","Highway 63 Overpass Site","Aligning daily tasks with the site supervisor. They clarify the day’s pour schedule and any hazard zones to be marked."
2023-04-17,13:00,14:30,"Team Problem-Solving Session","Acme HQ - Brainstorm Room","Addressing a minor setback caused by a misaligned beam. The team discusses root causes and outlines solutions to avoid schedule slips."
2023-04-18,18:00,19:00,"Dinner with Friends","Local Diner","Catching up with an old college friend who’s passing through town. Sharing nostalgic stories and project updates."
2023-04-19,09:30,10:30,"Junior Engineer Tutoring","Acme HQ - John’s Desk","Helping a new hire interpret complex code requirements for overhead clearance in bridging structures. They schedule a follow-up session."
2023-04-20,07:00,08:00,"Morning Gym Workout","Local Gym","Focusing on legs and core strength. John aims to improve balance, which he feels helps with his running form."
2023-04-21,12:00,13:00,"Working Lunch - Budget Update","Acme HQ - Conference Room B","Finance and engineering teams finalize the Q2 budget. They reallocate funds for contingencies related to upcoming weather risks."
2023-04-22,10:00,12:00,"Mike's Soccer Tournament","City Sports Complex","Cheering Mike’s team in a local tournament. John chats with other parents about volunteer coaching opportunities."
2023-04-23,15:00,16:00,"Afternoon Park Stroll","Local Park","John and Mary take a leisurely walk to decompress from a busy week. They discuss upcoming travel plans and school events."
2023-04-24,09:00,11:00,"Infrastructure Conference","Downtown Convention Center","John attends a seminar on sustainable materials for large-scale construction projects, gathering notes for potential future use."
2023-04-25,17:00,18:30,"Music Gig Prep","Tony's Garage Studio","Final run-through for an upcoming gig at a local café. They test sound levels, finalize set order, and pack equipment."
