Date,Time,From,To,Subject,Body
2023-01-01,09:00:00,john.smith@acmeconst.com,manager@acmeconst.com,"Happy New Year!","Happy New Year, boss! Looking forward to a productive year at Acme Construction. Let me know if there's anything urgent on your plate for Q1."
2023-01-01,10:45:00,mary.smith@example.com,john.smith@acmeconst.com,"Family Lunch Plans","Hey John, we’re doing a small lunch at home to celebrate the New Year. Mike and Tina want to share their holiday stories. Hope you can join us!"
2023-01-02,08:15:00,john.smith@acmeconst.com,tom.baker@acmeconst.com,"Highway Overpass Sketches","Hey Tom, I've started reviewing the preliminary sketches for the new Highway 63 Overpass. Let’s connect tomorrow morning to go over structural concerns and timeline estimates."
2023-01-02,11:20:00,manager@acmeconst.com,john.smith@acmeconst.com,"Budget Meeting Today","John, quick reminder about our 2 PM budget meeting. Bring your cost projections for the rebar and concrete. We need to finalize Q1 capital allocations."
2023-01-02,19:50:00,john.smith@acmeconst.com,tony@musicbuddy.com,"Ideas for Our Next Track","Tony, hope your New Year is off to a great start. I’ve got a few riffs brewing in my head—thinking of a slower intro that picks up steam mid-way. Let’s plan a jam session soon."
2023-01-03,06:55:00,mary.smith@example.com,john.smith@acmeconst.com,"Kids Back to School","Morning honey. Just a heads-up, Mike and Tina go back to school tomorrow. They have a few assignments they’re finishing up today, so we might need to check on their progress tonight."
2023-01-03,10:00:00,phil.contractor@example.com,john.smith@acmeconst.com,"Soil Sample Updates","John, I've received the updated soil sample data from the lab. There's a slight variance in moisture content near the eastern section of the site. Let’s discuss adjustments to the foundation plan."
2023-01-03,15:25:00,john.smith@acmeconst.com,manager@acmeconst.com,"Re: Budget Meeting Recap","Thanks for leading the meeting today. I'll refine the cost estimates for steel reinforcement and share them in our shared folder by tomorrow morning."
2023-01-04,09:10:00,john.smith@acmeconst.com,tom.baker@acmeconst.com,"RE: Preliminary Sketches","Tom, thanks for your feedback. The north side approach might need additional clearance for safe turning. Let’s integrate the new safety guidelines before finalizing the blueprint."
2023-01-04,21:15:00,mary.smith@example.com,john.smith@acmeconst.com,"Weekend Plans","Hey John, are you free Saturday to take Mike to his soccer practice? I promised Tina I’d watch her ballet rehearsal, so we might have to split up."
2023-01-05,07:45:00,john.smith@acmeconst.com,tony@musicbuddy.com,"Possible Collab with Local Venue","Tony, I reached out to the local music bar about playing a small acoustic set. They have an opening next month. Interested?"
2023-01-05,11:30:00,manager@acmeconst.com,john.smith@acmeconst.com,"Environmental Impact Review","City officials want more details on the environmental impact for that new overpass. Could you gather the data from Tom and have a draft report by next Tuesday?"
2023-01-05,16:55:00,john.smith@acmeconst.com,phil.contractor@example.com,"Re: Soil Sample Updates","Phil, let's adjust the moisture mitigation strategy. We might need extra drainage channels. I'll compile a list of potential changes by end of this week."
2023-01-06,08:05:00,mary.smith@example.com,john.smith@acmeconst.com,"Tina's Ballet Recital Practice","Hey, Tina has practice again tonight at 6 PM. She’s really excited—her recital piece is coming together nicely. Let me know if you can drop by to watch for a bit."
2023-01-06,10:30:00,hr@acmeconst.com,john.smith@acmeconst.com,"Wellness Program","John, we’re launching a new wellness incentive for employees. Since you mentioned fitness goals, you might be interested in the step-tracking challenge."
2023-01-07,09:20:00,john.smith@acmeconst.com,tom.baker@acmeconst.com,"Weekly Site Inspection Plan","Tom, let’s finalize the schedule for weekly site inspections. We’ll need photos, daily logs, and sign-off from the city rep. I’ll draft a calendar and share it today."
2023-01-07,13:45:00,mary.smith@example.com,john.smith@acmeconst.com,"Shopping List","Could you pick up a few groceries on your way home? We’re almost out of milk, bread, and eggs—and Mike requested fresh fruit for his soccer snacks."
2023-01-07,19:10:00,john.smith@acmeconst.com,tony@musicbuddy.com,"Re: Possible Collab","Cool news about that local venue. Let’s aim for 2–3 songs. I’m thinking one acoustic piece, one upbeat rock number, and maybe a chill lo-fi track if we have time."
2023-01-08,07:30:00,john.smith@acmeconst.com,phil.contractor@example.com,"Foundation Plan Adjustments","Phil, I'm attaching a revised foundation layout. Please check the updated footings design—especially near the eastern slope—and confirm if the rebar specifications are still valid."
2023-01-08,13:10:00,manager@acmeconst.com,john.smith@acmeconst.com,"Monday Check-In","John, for Monday’s check-in, please bring the site photo updates and any revised scheduling notes. The client is eager for a progress snapshot."
2023-01-09,08:00:00,john.smith@acmeconst.com,manager@acmeconst.com,"Re: Monday Check-In","Got it, boss. I'll have the photo documentation and updated project timeline ready. Let me know if you need any additional metrics or cost breakdowns."
2023-01-09,20:10:00,john.smith@acmeconst.com,tony@musicbuddy.com,"New Lyrics Draft","Tony, attached are some lyrics for that moody track we discussed. The theme revolves around city life and nighttime inspiration—let me know what you think!"
2023-01-10,07:15:00,mary.smith@example.com,john.smith@acmeconst.com,"Kids' School Reminder","Morning—just reminding you that Mike’s soccer practice is moving to Saturday mornings at 9 AM. Tina’s ballet is still on Wednesdays and Fridays."
2023-01-10,13:40:00,manager@acmeconst.com,john.smith@acmeconst.com,"Re: Environmental Impact Review","I’ve looked over the initial data. We need a clearer summary of local regulations for wetland preservation. Could you add that in before final submission?"
2023-01-11,08:55:00,john.smith@acmeconst.com,tom.baker@acmeconst.com,"Site Meeting Reschedule","Tom, the environmental team rep is out sick, so tomorrow’s meeting is pushed to next Wednesday at 10 AM. Let me know if that conflicts with any other tasks."
2023-01-11,16:20:00,junior.eng@acmeconst.com,john.smith@acmeconst.com,"Mentorship Question","Hi John, quick question on rebar ratios for the upcoming phase. I'm trying to reconcile the blueprint with standard guidelines. Mind taking a look?"
2023-01-12,07:50:00,john.smith@acmeconst.com,junior.eng@acmeconst.com,"Re: Mentorship Question","Sure thing. Send me the blueprint snippet and let me know where the confusion lies. I'm happy to walk you through the calculations."
2023-01-12,11:30:00,john.smith@acmeconst.com,phil.contractor@example.com,"Cost Estimates for Steel","Hey Phil, manager is asking for updated steel cost estimates with the new design changes. If you have them ready, can you forward them by EOD?"
2023-01-12,20:00:00,john.smith@acmeconst.com,tony@musicbuddy.com,"Synth Layer Experiment","Tony, I tried adding a subtle synth layer in the second chorus of our track. Check out the attached MP3 snippet and let me know if you think it fits."
2023-01-13,09:05:00,mary.smith@example.com,john.smith@acmeconst.com,"Weekend Getaway?","Hey, Mary here. Thinking about a short weekend getaway next month—maybe just two days. Could be nice to unplug before the project gets even busier."
2023-01-13,13:30:00,john.smith@acmeconst.com,manager@acmeconst.com,"Re: Cost & Timeline Updates","I’ve combined Phil’s steel estimates with my revised timeline. Let’s review them Monday to ensure we’re aligning with the city’s requirements."
2023-01-14,08:10:00,john.smith@acmeconst.com,tom.baker@acmeconst.com,"Geotech Reports Needed","Morning Tom, just a friendly reminder that I need the latest geotech reports by Monday. The city wants a deep-dive before we finalize foundation specs."
2023-01-14,11:15:00,mary.smith@example.com,john.smith@acmeconst.com,"Kids’ Weekend Plans","Mike wants to practice soccer this afternoon, while Tina has a group ballet rehearsal. I'll handle Tina’s schedule if you can take Mike to the park."
2023-01-15,09:25:00,john.smith@acmeconst.com,manager@acmeconst.com,"Q1 Budget Finalization","Hey boss, are we still on track to finalize Q1 budgets by next Wednesday? Just confirming so I can allocate my tasks accordingly."
2023-01-15,19:40:00,tony@musicbuddy.com,john.smith@acmeconst.com,"Re: Synth Layer Experiment","Dude, the synth layer is awesome! It adds a modern touch without overpowering the guitars. Let’s keep it in."
2023-01-16,08:55:00,manager@acmeconst.com,john.smith@acmeconst.com,"Project Status Update","John, the CEO asked for a quick project status update. Could you email me a short paragraph summarizing milestones and upcoming challenges?"
2023-01-16,14:10:00,john.smith@acmeconst.com,hr@acmeconst.com,"Wellness Program Signup","Hi HR, I'd like to sign up for the wellness program step challenge. Please let me know the steps to register and any deadlines."
2023-01-17,07:30:00,john.smith@acmeconst.com,contractor.phil@example.com,"Meeting About Material Delivery","Phil, let’s meet tomorrow at 2 PM to discuss the schedule for material delivery. The steel supplier needs a 48-hour lead time once we give the green light."
2023-01-17,11:50:00,mary.smith@example.com,john.smith@acmeconst.com,"Mike's Science Project","Mike’s science fair is next month, and he’s doing a cardboard roller coaster model. He might need some engineering tips from you!"
2023-01-18,06:10:00,john.smith@acmeconst.com,tom.baker@acmeconst.com,"Structural Analysis Revision","Tom, with the new rebar specs, I need to adjust the structural analysis. Let me know if you have time for a quick review at 1 PM."
2023-01-18,09:20:00,hr@acmeconst.com,john.smith@acmeconst.com,"Welcome to the Wellness Challenge","Hi John, you’re officially enrolled in our step challenge! You’ll receive an email soon with instructions for syncing your fitness tracker."
2023-01-19,07:55:00,john.smith@acmeconst.com,manager@acmeconst.com,"Re: Project Status Update","Here’s a quick summary: We’re on track with preliminary construction, awaiting final geotech sign-off. Main challenges: environmental clearance and new city safety standards. I'll add more details if needed."
2023-01-19,16:10:00,manager@acmeconst.com,john.smith@acmeconst.com,"Board Meeting Prep","John, the board wants a progress slideshow next Tuesday. They’ll want photos, budget updates, and an estimated completion timeline. Let me know if you need help."
2023-01-20,09:00:00,john.smith@acmeconst.com,tony@musicbuddy.com,"Acoustic Set This Weekend","Hey Tony, let’s finalize our acoustic set list this Saturday. We’ve got that open mic coming up, and I want to make sure we’re ready."
2023-01-20,13:45:00,junior.eng@acmeconst.com,john.smith@acmeconst.com,"Blueprint Annotations","John, could you clarify a few annotations on the blueprint? Specifically, the load calculations for the southwestern pillar. I'm a bit stuck."
2023-01-21,07:15:00,john.smith@acmeconst.com,junior.eng@acmeconst.com,"Re: Blueprint Annotations","Sure, I’ll mark them up and send you an annotated PDF. Pay special attention to the cross-sectional analysis—it's key for preventing shear issues."
2023-01-21,11:20:00,mary.smith@example.com,john.smith@acmeconst.com,"Ballet Costume Fitting","Tina’s costume fitting is next Friday. The teacher requested a parent be there to note any alterations. Could you handle this if I’m at work?"
2023-01-22,08:00:00,john.smith@acmeconst.com,manager@acmeconst.com,"Weekend Work Update","Good morning! Wanted to let you know I made progress on the board slideshow. If you get a chance, review the draft in our shared folder."
2023-01-22,12:40:00,tony@musicbuddy.com,john.smith@acmeconst.com,"Song Lyrics Attached","Hey man, I tweaked the second verse lyrics to tie in the city-night vibe. Attached is the updated doc. Let me know your thoughts."
2023-01-23,07:50:00,john.smith@acmeconst.com,manager@acmeconst.com,"Re: Board Meeting Prep","I’ve updated the slideshow with the newest cost breakdown and site photos. I’ll do a final polish this afternoon and send you the link."
2023-01-23,14:10:00,manager@acmeconst.com,john.smith@acmeconst.com,"Site Photo Edits","John, could you label which photos are from the west section vs. east section of the project? The board might ask for clarity."
2023-01-24,09:25:00,john.smith@acmeconst.com,tom.baker@acmeconst.com,"Project Timeline","Hey Tom, the board is meeting today. Please confirm we’re aligned on the milestone dates for each phase. I included them in the PDF on our SharePoint."
2023-01-24,16:00:00,contractor.phil@example.com,john.smith@acmeconst.com,"Steel Shipment Delay","John, we just got word that the steel shipment could be delayed by a day. I’ll negotiate with the supplier to keep us on track."
2023-01-25,07:40:00,mary.smith@example.com,john.smith@acmeconst.com,"Tina’s Ballet Recital Date","Morning—Tina’s recital is set for February 25. She’s excited to perform. Let’s be sure to invite your parents if they can make it."
2023-01-25,11:15:00,john.smith@acmeconst.com,manager@acmeconst.com,"Board Meeting Recap","Boss, the meeting went smoothly. They approved the next phase budget. I’ll send you the official sign-off documents once I get them."
2023-01-26,08:25:00,john.smith@acmeconst.com,phil.contractor@example.com,"Re: Steel Shipment Delay","Thanks for the heads-up. Please keep me posted. Even a one-day delay could shift our on-site schedule, so I'll rearrange tasks as needed."
2023-01-26,14:00:00,hr@acmeconst.com,john.smith@acmeconst.com,"Staff Training Reminder","John, reminding you about the safety training session next Tuesday at 3 PM. Please confirm your attendance."
2023-01-27,10:30:00,john.smith@acmeconst.com,tony@musicbuddy.com,"Studio Session Plans","Tony, let's solidify a date for the next studio session. I’m free most evenings next week. We can tackle the mixing on that new track."
2023-01-27,18:50:00,mary.smith@example.com,john.smith@acmeconst.com,"Dinner with Friends","John, we got invited to dinner at a friend’s place tomorrow night. Think you can make it, or are you swamped?"
2023-01-28,08:15:00,john.smith@acmeconst.com,mary.smith@example.com,"Weekend Errands","I can make dinner. Let’s do the grocery run this morning so we’re free later. Also, need to grab some art supplies for Mike’s science project."
2023-01-28,15:45:00,manager@acmeconst.com,john.smith@acmeconst.com,"Updated City Regulations","John, the city just announced updated pedestrian safety regulations for highway projects. Please incorporate them into our current designs ASAP."
2023-01-29,07:10:00,john.smith@acmeconst.com,tom.baker@acmeconst.com,"Regulations Discussion","Tom, we need to chat about the new pedestrian safety rules. Let’s gather any relevant data and adjust the sidewalks on the overpass design."
2023-01-29,21:50:00,tony@musicbuddy.com,john.smith@acmeconst.com,"Open Mic Success","We rocked that open mic! Thanks for inviting me. Let’s sift through those recordings—I think some might be worth posting on socials."
2023-01-30,09:00:00,john.smith@acmeconst.com,manager@acmeconst.com,"Site Visit Photos","Attached are the high-res photos from yesterday’s site walkthrough. You’ll see how we’re addressing the soil stability in the eastern segment."
2023-01-30,14:20:00,junior.eng@acmeconst.com,john.smith@acmeconst.com,"Design Tutorial Request","Hi John, could you walk me through a more advanced design tutorial for load calculations? I'd love to get a deeper understanding of your approach."
2023-01-31,08:55:00,john.smith@acmeconst.com,hr@acmeconst.com,"Safety Training Confirmation","Hi HR, confirming I'll attend Tuesday’s safety training at 3 PM. Please let me know if there's any pre-work to complete."
2023-01-31,17:15:00,mary.smith@example.com,john.smith@acmeconst.com,"Mike's Teacher Update","Mike’s teacher emailed saying he’s doing great in math, but he could use some extra reading practice at home. Thought you'd want to know."
2023-02-01,07:00:00,john.smith@acmeconst.com,tony@musicbuddy.com,"New Song Brainstorm","Tony, I’m brainstorming a new track that blends acoustic guitar with some modern R&B rhythms. Let me know if you’re free Friday to jam."
2023-02-01,11:40:00,manager@acmeconst.com,john.smith@acmeconst.com,"Client Visit","Heads-up: the city client reps might drop by for a surprise site visit next week. Make sure the crew is prepped and the site is tidy."
2023-02-02,09:30:00,john.smith@acmeconst.com,tom.baker@acmeconst.com,"Inspection Checklists","Tom, can you compile all the inspection checklists we’ve used so far? The city might want to see our safety procedures in detail."
2023-02-02,20:05:00,mary.smith@example.com,john.smith@acmeconst.com,"Valentine's Day Plans","Don’t forget, Valentine’s Day is around the corner. Maybe we can do a nice dinner? The kids offered to help decorate!"
2023-02-03,06:40:00,john.smith@acmeconst.com,phil.contractor@example.com,"Rebar Delivery Confirmation","Phil, any word on the rebar delivery? We want to start setting it on Monday, so if there's a delay, we’ll need to reshuffle tasks."
2023-02-03,13:20:00,junior.eng@acmeconst.com,john.smith@acmeconst.com,"Progress Thanks","John, just wanted to say thanks for the design help. I'm starting to grasp those advanced load calcs and it's making the job way more intuitive."
2023-02-04,10:10:00,john.smith@acmeconst.com,mary.smith@example.com,"Saturday Plans","Morning Mary, I’m heading to the gym. After that, let’s all go to the park if the weather holds up. Need some fresh air!"
2023-02-04,17:50:00,manager@acmeconst.com,john.smith@acmeconst.com,"Weekly Progress Email","Could you send a weekly progress email to the entire construction team? Just a quick summary of wins, challenges, and next steps."
2023-02-05,09:45:00,john.smith@acmeconst.com,manager@acmeconst.com,"Re: Weekly Progress Email","Will do, boss. I'll compile the data from Tom and Phil, then shoot it out by this afternoon."
2023-02-05,12:30:00,tony@musicbuddy.com,john.smith@acmeconst.com,"Mixing Session Today?","John, any chance you’re free later to do a quick mixing session? I’ve got some new plugins I’m itching to try."
2023-02-06,07:15:00,john.smith@acmeconst.com,hr@acmeconst.com,"Wellness Challenge Update","Hi HR, just letting you know I’ve synced my step tracker. My daily average is around 10,000 steps now. Hoping to keep climbing!"
2023-02-06,14:55:00,manager@acmeconst.com,john.smith@acmeconst.com,"City Meeting Tomorrow","Reminder: we have a city rep meeting tomorrow at 9 AM. Bring updated structural analysis slides and the cost breakdown for the drainage system."
2023-02-07,08:50:00,john.smith@acmeconst.com,tom.baker@acmeconst.com,"Drainage System Specs","Tom, I need the final specs on the drainage system for today's city meeting. If you haven't already, please email them ASAP."
2023-02-07,19:15:00,mary.smith@example.com,john.smith@acmeconst.com,"Mike's Math Test","Mike says he did well on his math test. He’s excited to show you his quiz score. Great job helping him study!"
2023-02-08,09:00:00,contractor.phil@example.com,john.smith@acmeconst.com,"Site Safety Measures","John, we found a small hazard zone near the north end. We’ll mark it off with cones and fix it by next week. Crew is on it."
2023-02-08,14:25:00,john.smith@acmeconst.com,manager@acmeconst.com,"City Meeting Recap","The meeting went smoothly—city reps are satisfied with our approach to drainage. Only small adjustments needed for signage placement."
2023-02-09,08:10:00,john.smith@acmeconst.com,tony@musicbuddy.com,"Mid-Week Music Notes","Dude, I can’t get the second verse to flow right. Maybe we switch to a half-time beat halfway through to create some contrast?"
2023-02-09,19:35:00,mary.smith@example.com,john.smith@acmeconst.com,"Weekend Family Time","Do you want to take the kids to that new arcade on Saturday? They’ve been begging to check it out. We could make it a family outing."
2023-02-10,07:20:00,john.smith@acmeconst.com,manager@acmeconst.com,"Re: Meeting Slides","I’ve updated the slides with signage placement. If you need a quick glance before our next review, the PDF is on our SharePoint."
2023-02-10,12:55:00,manager@acmeconst.com,john.smith@acmeconst.com,"Early Leave Approval","John, you've been working overtime. If you want to leave early today, go for it. Just be sure to clear any urgent tasks with Tom."
2023-02-11,07:55:00,john.smith@acmeconst.com,manager@acmeconst.com,"Project Timeline Extension","Boss, we might need a one-week extension due to the steel delivery delay. I’ll lay out the revised timeline in a doc for your approval."
2023-02-11,11:30:00,tony@musicbuddy.com,john.smith@acmeconst.com,"Recording Session Recap","Great session this morning. The new track is starting to come alive! Let’s schedule a final mix day soon."
2023-02-12,09:05:00,john.smith@acmeconst.com,mary.smith@example.com,"Sunday Brunch?","Let’s do brunch if we have time. I’ve got to pop into the site briefly, but I’ll be back by noon."
2023-02-12,15:50:00,junior.eng@acmeconst.com,john.smith@acmeconst.com,"Help with Code Compliance","John, can I pick your brain about code compliance for overhead clearance? The city’s guidelines are a bit confusing."
2023-02-13,07:15:00,john.smith@acmeconst.com,tom.baker@acmeconst.com,"Week-At-A-Glance","Tom, just a quick check: we’ve got the city progress call Wednesday, safety training Thursday, and final budget review Friday. Let me know if I missed anything."
2023-02-13,18:30:00,mary.smith@example.com,john.smith@acmeconst.com,"Valentine's Day Prep","Could you grab some chocolates or flowers on your way home tomorrow? The kids also want to make little cards."
2023-02-14,07:50:00,john.smith@acmeconst.com,manager@acmeconst.com,"HR Forms Submitted","Hey boss, I submitted the safety training forms and updated the HR about the wellness program. All set on that front."
2023-02-14,13:40:00,manager@acmeconst.com,john.smith@acmeconst.com,"Re: HR Forms Submitted","Thanks, John. Also, good job on the last city call. They appreciated our prompt updates."
2023-02-15,09:25:00,john.smith@acmeconst.com,tony@musicbuddy.com,"Possible Festival Slot","Tony, we might have a shot at a spring music festival slot. I’ll fill out an application. Let’s prep 2–3 solid tracks."
2023-02-15,14:50:00,junior.eng@acmeconst.com,john.smith@acmeconst.com,"Pillar Calculations","All set on overhead clearance now. Thanks for clarifying. Just verifying final numbers on the southwestern pillar. Should I cross-check the main blueprint?"
2023-02-16,08:05:00,john.smith@acmeconst.com,junior.eng@acmeconst.com,"Re: Pillar Calculations","Yes, always cross-check the main blueprint to ensure consistency. If anything doesn’t align, flag it for me, and we’ll adjust."
2023-02-16,16:25:00,john.smith@acmeconst.com,phil.contractor@example.com,"Rebar and Concrete Timelines","Phil, we’re greenlit for rebar placement on Monday. Concrete pour is scheduled for Thursday, weather permitting. Let’s keep an eye on the forecast."
2023-02-17,09:10:00,mary.smith@example.com,john.smith@acmeconst.com,"Tina's Recital Reminder","Tina’s big recital is next week. She’s super excited. Don’t forget to mark your calendar for February 25!"
2023-02-17,12:50:00,john.smith@acmeconst.com,manager@acmeconst.com,"Timeline Status","We’re a bit behind schedule on the drainage portion. The team is doubling shifts this weekend to catch up. I’ll update you on Monday."
2023-02-18,10:45:00,john.smith@acmeconst.com,tom.baker@acmeconst.com,"Concrete Pour Sequence","Tom, for Thursday’s pour, we need to verify the sequence. Let’s decide if the northern section or western side gets poured first."
2023-02-18,17:30:00,tony@musicbuddy.com,john.smith@acmeconst.com,"New Chord Progression Idea","John, I came up with a minor key progression that transitions into a major chorus. Could be interesting for our next jam!"
2023-02-19,07:50:00,john.smith@acmeconst.com,mary.smith@example.com,"Family Day Photos","Took some cute photos of the kids at the park yesterday. I’ll put them in a shared album for you to see."
2023-02-19,14:25:00,manager@acmeconst.com,john.smith@acmeconst.com,"Filing Project Reports","Don’t forget to file the weekly project reports by 5 PM tomorrow. The CFO wants them for the monthly financial review."
2023-02-20,08:00:00,john.smith@acmeconst.com,manager@acmeconst.com,"Re: Filing Project Reports","No problem. I’ll wrap them up after my 9 AM call with the city. Expect them in your inbox by 3 PM."
2023-02-20,19:10:00,junior.eng@acmeconst.com,john.smith@acmeconst.com,"Mentorship Check-In","John, just checking in. Feeling more confident each day—thanks for the guidance. Let me know if there's anything else you want to teach me."
2023-02-21,06:55:00,john.smith@acmeconst.com,hr@acmeconst.com,"Requesting PTO","Hi HR, I'd like to request two PTO days in mid-March for a short family getaway. Please advise if that’s feasible given current workload."
2023-02-21,14:40:00,john.smith@acmeconst.com,phil.contractor@example.com,"Construction Debrief","Phil, after we pour the concrete, let's do a quick debrief to ensure we’re meeting quality standards. We might also schedule a city inspection next week."
2023-02-22,09:20:00,mary.smith@example.com,john.smith@acmeconst.com,"Soccer Practice Update","Mike’s coach emailed that practice is shifting to Tuesdays and Thursdays at 5 PM. We’ll need to coordinate pickup times."
2023-02-22,15:15:00,john.smith@acmeconst.com,tony@musicbuddy.com,"Studio Time Confirmation","Tony, confirming studio time for Saturday, 2 PM. Let’s finalize the guitar tracking for that new ballad."
2023-02-23,08:30:00,manager@acmeconst.com,john.smith@acmeconst.com,"Project Financials Reminder","John, CFO wants an updated breakdown of labor vs. materials. If you have it ready, please send it my way before lunch."
2023-02-23,21:05:00,john.smith@acmeconst.com,manager@acmeconst.com,"Re: Project Financials Reminder","Attached is the breakdown. Labor costs rose slightly due to overtime. Material costs are stable, except for potential increases in steel prices."
2023-02-24,10:00:00,hr@acmeconst.com,john.smith@acmeconst.com,"PTO Approved","Hi John, your request for two PTO days in March has been approved. Enjoy your family time!"
2023-02-24,13:15:00,john.smith@acmeconst.com,tom.baker@acmeconst.com,"Next Phase Scheduling","Tom, let’s sit down Monday to map out tasks for the next phase. The city wants a projected completion date for the entire overpass by end of March."
2023-02-25,08:45:00,mary.smith@example.com,john.smith@acmeconst.com,"Tina's Recital Day","Today’s the big day for Tina. She’s nervous but excited! We have to be at the auditorium by 3 PM. Could you handle the flowers?"
2023-02-25,21:10:00,john.smith@acmeconst.com,tony@musicbuddy.com,"Recital vs. Music Session","Tony, I'd join a jam tonight but Tina's recital just wrapped up. I’ll catch up with you tomorrow if you’re free."
2023-02-26,09:30:00,manager@acmeconst.com,john.smith@acmeconst.com,"Meeting with City Council","Just got notice we’re scheduled for a city council briefing on March 10. They want an updated design doc, so start prepping ASAP."
2023-02-26,17:40:00,john.smith@acmeconst.com,manager@acmeconst.com,"Progress on Design Doc","I’ll begin updating the design doc tonight. I’ll loop in Tom and Phil for any final changes before we present to council."
2023-02-27,07:55:00,junior.eng@acmeconst.com,john.smith@acmeconst.com,"Load Bearing Confusion","John, can we chat about load-bearing calculations? The southwestern corner’s numbers are conflicting with standard references again."
2023-02-27,13:20:00,john.smith@acmeconst.com,tom.baker@acmeconst.com,"Materials Checklist","Hey Tom, I’m putting together a final materials checklist for the next phase. Let’s confirm if we need additional barrier rails or if the current supply suffices."
2023-02-28,08:00:00,john.smith@acmeconst.com,mary.smith@example.com,"Mike's Soccer Game Reminder","Mike has a game at 5 PM today. I might be a bit late from work, but I’ll try to make the second half."
2023-02-28,18:15:00,manager@acmeconst.com,john.smith@acmeconst.com,"Monthly Report Prep","Hey John, we’ll present monthly progress on Friday. Could you finalize the slides and talk track by tomorrow noon?"
2023-03-01,07:40:00,john.smith@acmeconst.com,hr@acmeconst.com,"Wellness Challenge Update","Hi HR, I’ve consistently hit 10,000 steps for the past two weeks. Enjoying the challenge—thanks for organizing!"
2023-03-01,20:50:00,tony@musicbuddy.com,john.smith@acmeconst.com,"New Collaboration Offer","Got an email from a local producer who heard our open mic set. He wants to collaborate on a track. Interested?"
2023-03-02,09:25:00,john.smith@acmeconst.com,manager@acmeconst.com,"Re: Monthly Report Prep","Drafted the slides and talk track. Let me know if you need any changes. Also, we might highlight cost savings on last month’s rebar order."
2023-03-02,16:40:00,mary.smith@example.com,john.smith@acmeconst.com,"School Art Expo","Tina’s class is doing an art expo next week. She made a painting of the family. She’d be thrilled if you can attend the opening."
2023-03-03,07:15:00,john.smith@acmeconst.com,tom.baker@acmeconst.com,"Inspection Day Prep","Tom, city inspectors are coming Monday. Make sure all signage and hazard zones are clearly marked. I’ll be on-site at 7 AM."
2023-03-03,12:30:00,junior.eng@acmeconst.com,john.smith@acmeconst.com,"Intern Onboarding","John, we have a new intern starting next week. Could you give them a quick overview of our blueprint process? I think it’d be valuable."
2023-03-04,08:00:00,john.smith@acmeconst.com,phil.contractor@example.com,"Drainage Layout Confirmation","Phil, attached is the final drainage layout for your review. Let me know if the contractor team sees any issues with slopes or inlets."
2023-03-04,19:20:00,mary.smith@example.com,john.smith@acmeconst.com,"Date Night?","We’ve both been busy. Any chance we can carve out a date night next weekend? Maybe dinner and a movie?"
2023-03-05,09:50:00,john.smith@acmeconst.com,manager@acmeconst.com,"Monday Team Meeting Agenda","Boss, here’s the proposed agenda for tomorrow’s team meeting: site inspection results, budget updates, schedule adjustments, and open Q&A."
2023-03-05,15:30:00,tony@musicbuddy.com,john.smith@acmeconst.com,"Sunday Jam Session","Hey John, I’m free tonight if you want to jam. Might be good to polish the arrangement before we consider that producer collab."
2023-03-06,08:00:00,manager@acmeconst.com,john.smith@acmeconst.com,"Status Check","John, how’s everything going on-site this morning? Let me know if there are any red flags before I talk to the city rep at noon."
2023-03-06,13:45:00,john.smith@acmeconst.com,manager@acmeconst.com,"Re: Status Check","Site looks good. Inspector gave a thumbs-up on safety signage. We’re moving forward with the scheduled rebar placement."
2023-03-07,07:25:00,john.smith@acmeconst.com,tom.baker@acmeconst.com,"Green Building Conference Notes","Tom, I attended that green building webinar last night. I’ll forward the notes—some interesting material about using recycled aggregates."
2023-03-07,19:05:00,mary.smith@example.com,john.smith@acmeconst.com,"Kids’ Homework","Mike and Tina both have big projects due Friday. If you get home early, could you help them out?"
2023-03-08,10:10:00,john.smith@acmeconst.com,hr@acmeconst.com,"Additional Wellness Questions","Hi HR, quick question: how do we log weekend activities in the wellness portal? I did a long hike on Sunday and want to include it."
2023-03-08,15:30:00,manager@acmeconst.com,john.smith@acmeconst.com,"Progress Presentation","We’ll do a quick progress presentation at tomorrow’s all-hands. Could you compile a few slides with photos and bullet points of achievements?"
2023-03-09,07:45:00,john.smith@acmeconst.com,manager@acmeconst.com,"Re: Progress Presentation","Done. Slides are in the shared drive. Let me know if you want me to present or if you’ll handle it."
2023-03-09,21:10:00,tony@musicbuddy.com,john.smith@acmeconst.com,"Weekend Studio Time","John, let’s book time at the pro studio on Saturday if it’s free. That producer might want a sample soon, so let's get top-quality recordings."
2023-03-10,08:30:00,mary.smith@example.com,john.smith@acmeconst.com,"Weekend Family Outing","We’re thinking about going to the zoo Sunday. The kids are excited about the new lion exhibit. Let me know if you can make it."
2023-03-10,14:00:00,john.smith@acmeconst.com,junior.eng@acmeconst.com,"Blueprint Workshop","Let's do a short workshop next Tuesday. I'll demonstrate a more advanced method to cross-verify load distribution for complex structures."
2023-03-11,09:10:00,manager@acmeconst.com,john.smith@acmeconst.com,"City Council Debrief","Great job presenting to the council. They seemed impressed with our attention to safety and budget. Keep it up!"
2023-03-11,16:50:00,john.smith@acmeconst.com,phil.contractor@example.com,"Supply Inventory Check","Phil, could you do a quick inventory of our supplies? We’re burning through rebar ties faster than anticipated. Might need a restock."
2023-03-12,08:00:00,john.smith@acmeconst.com,mary.smith@example.com,"Sunday Plans","Morning Mary, I'll head to the site briefly then join you at the zoo. Save me a seat in the car if you’re leaving early."
2023-03-12,20:15:00,tony@musicbuddy.com,john.smith@acmeconst.com,"Studio Files Sent","Just emailed you the raw studio tracks from Saturday. Let’s see if we can polish them this week."
2023-03-13,07:55:00,john.smith@acmeconst.com,manager@acmeconst.com,"Week Ahead","For this week: finishing rebar placement, finalizing drainage details, and mentoring the new intern. Let me know if any priority shifts arise."
2023-03-13,18:05:00,mary.smith@example.com,john.smith@acmeconst.com,"School Parent Night","Next week is parent-teacher night. The kids would love if we both attended. Mark your calendar for Wednesday at 6 PM."
2023-03-14,10:30:00,john.smith@acmeconst.com,tom.baker@acmeconst.com,"Concrete Curing Schedule","Tom, let's confirm the curing schedule. After pouring on Thursday, we might need 48 hours before we can do a load test. Thoughts?"
2023-03-14,14:55:00,manager@acmeconst.com,john.smith@acmeconst.com,"Inspection Team Arrival","Heads-up, the external inspection team arrives Thursday morning. Make sure all daily logs and safety checklists are accessible."
2023-03-15,07:50:00,john.smith@acmeconst.com,hr@acmeconst.com,"Wellness Reward Inquiry","Hi HR, are there any incentives for hitting our step goals? Just curious, since I’m consistently over 10,000 daily."
2023-03-15,17:20:00,manager@acmeconst.com,john.smith@acmeconst.com,"Congrats on Good Review","John, we got a positive review from the city inspectors. They’re pleased with our compliance. Keep the momentum going!"
2023-03-16,06:45:00,john.smith@acmeconst.com,tony@musicbuddy.com,"Festival Application","Tony, I just submitted the spring festival application. We should hear back in a week. Fingers crossed we get a slot!"
2023-03-16,19:35:00,mary.smith@example.com,john.smith@acmeconst.com,"Weekend Dinner","Mom and Dad are visiting Saturday. I’m cooking a big dinner—hope you can wrap up work early so we can all eat together."
2023-03-17,09:00:00,junior.eng@acmeconst.com,john.smith@acmeconst.com,"Blueprint Workshop Reminder","Looking forward to the workshop on Tuesday. Thanks again for helping me level up my skills—this project is a great learning experience."
2023-03-17,15:10:00,john.smith@acmeconst.com,manager@acmeconst.com,"Overpass Lighting Plan","Hey, I spoke with the electrical contractor about overpass lighting. They’ll give us a quote by Monday. Let’s see if we can fit it into the budget."
2023-03-18,08:20:00,john.smith@acmeconst.com,phil.contractor@example.com,"Saturday On-Site?","Phil, I might swing by the site for a quick check. Let me know if you or anyone else will be around."
2023-03-18,21:30:00,john.smith@acmeconst.com,tony@musicbuddy.com,"Song Arrangement Update","Spent the evening tweaking the middle eight section. I’ll send you the new chord transitions in the morning."
2023-03-19,09:10:00,mary.smith@example.com,john.smith@acmeconst.com,"Family Photos","We got those photos back from the zoo trip—some great shots of the kids! I’ll forward them so you can see Mike’s big grin."
2023-03-19,16:50:00,manager@acmeconst.com,john.smith@acmeconst.com,"Midweek Goals","John, let’s align on midweek goals: finalize the foundation sign-off, confirm lighting plan budget, and ensure the next progress report is ready by Thursday."
2023-03-20,07:25:00,john.smith@acmeconst.com,mary.smith@example.com,"Morning Routine","Left early for site inspection. Mike’s lunch is on the counter; Tina’s ballet bag is in the hallway. See you tonight."
2023-03-20,17:40:00,john.smith@acmeconst.com,manager@acmeconst.com,"Next Steps After Foundation","We’ll begin forming the side walls next week if everything cures properly. We might need extra staff on Wednesday to keep pace."
2023-03-21,08:10:00,john.smith@acmeconst.com,tom.baker@acmeconst.com,"Urgent Safety Drill","Tom, the safety committee wants a quick drill tomorrow. Let’s ensure everyone knows emergency exits and procedures on-site."
2023-03-21,15:30:00,tony@musicbuddy.com,john.smith@acmeconst.com,"Producer Feedback","The producer listened to our rough cut. He likes the vibe but suggests adding a short bridge section before the final chorus."
2023-03-22,06:55:00,john.smith@acmeconst.com,hr@acmeconst.com,"Midyear Performance Review","Hi HR, just checking if we have a timeline for midyear performance reviews. I'd like to prepare my self-evaluation in advance."
2023-03-22,13:10:00,mary.smith@example.com,john.smith@acmeconst.com,"Tina's Field Trip Forms","Don’t forget, Tina needs that field trip form signed by tomorrow. It’s in her folder if you haven’t seen it yet."
2023-03-23,07:35:00,john.smith@acmeconst.com,manager@acmeconst.com,"Re: Next Progress Report","Boss, the progress report is nearly done. Waiting on Tom for a final inspection note, then I’ll send it your way."
2023-03-23,19:50:00,manager@acmeconst.com,john.smith@acmeconst.com,"Extended Work Hours?","We might need extended work hours next week to stay on schedule. Let me know if your team can handle 10-hour shifts for a few days."
2023-03-24,08:45:00,john.smith@acmeconst.com,mary.smith@example.com,"Weekend Grocery Run","Hey Mary, we need more cereal, veggies, and snacks for the kids. I’ll do a quick grocery run Saturday morning unless you have other plans."
2023-03-24,12:20:00,junior.eng@acmeconst.com,john.smith@acmeconst.com,"Academic Reference Request","John, I'm applying to a part-time master’s program. Would you be willing to provide a professional reference or recommendation?"
2023-03-25,09:30:00,john.smith@acmeconst.com,tony@musicbuddy.com,"Open Mic Tonight","Tony, excited for tonight’s open mic. I’ll bring my acoustic guitar and the new pedal if we decide to go slightly electric."
2023-03-25,21:45:00,tony@musicbuddy.com,john.smith@acmeconst.com,"Great Performance!","Dude, that was awesome. The crowd was really into our set. Let’s review the video footage later and maybe post highlights."
2023-03-26,10:15:00,john.smith@acmeconst.com,phil.contractor@example.com,"Brickwork Supplier Quote","Phil, the supplier quote for brickwork came in. It's a bit higher than expected, so we may need to negotiate or find an alternative brand."
2023-03-26,16:35:00,manager@acmeconst.com,john.smith@acmeconst.com,"Upcoming Board Meeting","Heads-up: next board meeting is scheduled for April 5. We’ll need a fresh update on budget, timeline, and any risk factors."
2023-03-27,08:00:00,john.smith@acmeconst.com,hr@acmeconst.com,"Check on Benefits Update","Hi HR, has there been any update on our health benefits this quarter? Heard rumors of a new dental plan. Just curious."
2023-03-27,15:20:00,mary.smith@example.com,john.smith@acmeconst.com,"Kids' After-School Activities","Both kids have new schedules—Mike’s soccer shifted to Monday/Wednesday, Tina’s ballet to Tuesday/Thursday. Let’s figure out pick-up times."
2023-03-28,07:50:00,john.smith@acmeconst.com,manager@acmeconst.com,"Overpass Lighting Vendor","Boss, we’ve got the quote from the lighting vendor. It's within budget, so I’ll proceed with the purchase order unless you advise otherwise."
2023-03-28,18:10:00,manager@acmeconst.com,john.smith@acmeconst.com,"Re: Overpass Lighting Vendor","Go ahead. Let’s get it installed as soon as the steel framework is fully stable."
2023-03-29,09:00:00,junior.eng@acmeconst.com,john.smith@acmeconst.com,"Thesis Topic Brainstorm","John, I’m considering focusing my thesis on sustainable materials in highway construction. Any chance you could give me some pointers or references?"
2023-03-29,14:25:00,john.smith@acmeconst.com,tom.baker@acmeconst.com,"Finalizing Schedules","Tom, we need to finalize the next four weeks of work schedules. Let’s ensure we have enough coverage for weekends if needed."
2023-03-30,10:35:00,mary.smith@example.com,john.smith@acmeconst.com,"Spring Break Plans","Kids have spring break next month. Maybe we can take them on a short trip or do something local. Thoughts?"
2023-03-30,16:50:00,john.smith@acmeconst.com,manager@acmeconst.com,"Progress at a Glance","Hey boss, quick heads-up: we’re about 80% done with the core structure. A few weather-related delays, but still confident we’ll wrap on schedule."
2023-03-31,08:20:00,manager@acmeconst.com,john.smith@acmeconst.com,"Re: Progress at a Glance","Awesome, keep pushing. We’ll highlight our progress at the board meeting next week."
