Date,Steps Count,Workout Type,Duration (minutes),Calories Burned,Notes
2023-01-01,8500,Run,30,280,"Felt great to start the new year with a morning run despite the chilly weather. Aiming to improve pace and stamina in the coming weeks."
2023-01-02,9200,Site Walk,60,310,"Long inspection day at the Highway 63 Overpass site. Logged extra steps walking between different construction sections."
2023-01-03,10200,Gym - Weights,45,340,"Focused on upper body strength at the gym. Noticed slight improvement in bench press and fewer breaks needed between sets."
2023-01-04,5000,Rest Day,0,0,"Decided to rest and recover. Spent the evening stretching while listening to new music ideas for future jam sessions."
2023-01-05,11000,Run,35,300,"Sunrise run around the neighborhood. Felt energized and managed to shave 20 seconds off my usual pace per mile."
2023-01-06,7800,Evening Walk,40,200,"Casual walk with the family after dinner. Kids raced each other in the park while I clocked in extra steps."
2023-01-07,9000,Gym - Cardio,50,370,"Elliptical and stationary bike combo at the gym. Kept heart rate steady in the cardio zone for most of the workout."
2023-01-08,4000,Rest Day,0,0,"Needed a full recovery day after intense sessions. Spent time foam rolling and reading about new training methods."
2023-01-09,13000,Run + Weights,60,420,"Combined a shorter run with a quick strength circuit. Feeling strong and confident in balancing cardio and weights."
2023-01-10,7300,Site Walk,90,350,"Busy day at the construction site, inspecting rebar layout. Logged consistent movement under slightly rainy conditions."
2023-01-11,10500,Yoga,45,220,"Tried a Vinyasa flow class for flexibility and stress relief. Surprisingly challenging on the core muscles."
2023-01-12,8800,Run,25,210,"Quick lunchtime run around the office block to clear my head. Focused on short bursts of speed."
2023-01-13,5200,Rest Day,0,0,"Felt mild soreness in calves from speed intervals. Took a day off to stretch and hydrate properly."
2023-01-14,11400,Gym - Weights,50,380,"Leg day! Squats and lunges were the priority. Anticipating a bit of soreness tomorrow but it’s worth the strength gains."
2023-01-15,6500,Family Walk,40,180,"Strolled around the neighborhood with Mary, Mike, and Tina. Good mix of leisure and conversation."
2023-01-16,9900,Run,40,290,"Pushed for a moderate-distance run at dawn. Crisp air helped me maintain a steady tempo."
2023-01-17,4200,Rest Day,0,0,"Opted for a mental break and short stretching routine at home. Reviewed upcoming music setlist in the evening."
2023-01-18,12000,Gym - Mixed,60,410,"Circuit training with weights and cardio intervals. Great endurance test as I switched between treadmill sprints and free weights."
2023-01-19,6900,Evening Walk,35,170,"Wound down from a busy workday by walking while planning upcoming tasks in my head. Light drizzle but stayed comfortable."
2023-01-20,10800,Run,45,320,"Explored a new route with a slight uphill gradient. Tested my capacity on inclines and felt a decent burn in the quads."
2023-01-21,4600,Rest Day,0,0,"Mild fatigue from all the running this week. Focused on foam rolling and lower back stretches to stay limber."
2023-01-22,11500,Gym - Weights,55,400,"Upper body session focusing on chest, shoulders, and arms. Improved my dumbbell press by five pounds."
2023-01-23,9800,Run,35,290,"Squeezed in a mid-afternoon jog on a conference call break. Weather was windy but managed a solid pace."
2023-01-24,7800,Site Walk,80,320,"Spent extra time on the eastern slope of the overpass. Climbing up and down the embankment significantly increased my step count."
2023-01-25,12500,Run + Weights,60,430,"Morning treadmill run followed by a brief core workout. Felt strong enough to keep a steady pace throughout."
2023-01-26,4000,Rest Day,0,0,"Busy schedule with the kids’ activities. Only fit in light stretching and a few push-ups before bedtime."
2023-01-27,11200,Gym - Cardio,55,360,"Rowing machine intervals plus light jogging on the treadmill. Rowing really worked my upper back and arms."
2023-01-28,6400,Family Walk,45,200,"Walked around the park with Mike and Tina. Stopped for a mini soccer drill, which added a few steps and a good laugh."
2023-01-29,5100,Rest Day,0,0,"Feeling a bit of knee stiffness, so I skipped intense workouts to avoid aggravating it. Added an ice pack session in the evening."
2023-01-30,13100,Run,50,350,"Pushed for a new personal best in distance before work. Felt a runner’s high by the end—exhilarating start to the day."
2023-01-31,9900,Site Walk,100,390,"Extended site inspection covering multiple project areas. The terrain was uneven, providing a subtle lower-body workout."
2023-02-01,7200,Yoga,40,200,"Gentle flow to loosen tight hamstrings. Practiced balance poses, which was challenging but beneficial."
2023-02-02,10800,Run,45,310,"Squeezed in an after-work run on the local trail. Humid weather made it tough, but perseverance paid off."
2023-02-03,5100,Rest Day,0,0,"Work deadlines kept me busy, so I only managed a quick stretching break mid-afternoon. Need to refocus tomorrow."
2023-02-04,11700,Gym - Weights,60,420,"Leg and back day. Deadlifts felt stronger than usual, but I'll have to maintain proper form to avoid injury."
2023-02-05,8000,Family Walk,50,240,"Visited the nature reserve with Mary and the kids. Beautiful scenery and a nice break from city life."
2023-02-06,9400,Run,30,270,"Kept it short but intense with interval sprints. Heart rate went high, but recovery times are improving."
2023-02-07,6600,Site Walk,70,280,"Checked drainage channels near the ramp. Learned that walking on uneven ground really engages stabilizing muscles."
2023-02-08,7500,Yoga,45,210,"Focused on hip openers and core stability. Felt more relaxed by the end, which helped reduce work stress."
2023-02-09,12500,Run + Weights,60,440,"Morning run plus an evening dumbbell workout for arms and shoulders. Energy levels remained high throughout the day."
2023-02-10,5800,Rest Day,0,0,"Needed a chill day after intense dual workouts. Spent extra time foam rolling my calves and lower back."
2023-02-11,10300,Gym - Cardio,50,370,"Cycling on a stationary bike and elliptical intervals. Sweated out the week's stress and felt rejuvenated."
2023-02-12,8800,Run,35,300,"Took advantage of mild weather for a mid-afternoon jog. Explored a neighborhood route I hadn’t tried before."
2023-02-13,4200,Rest Day,0,0,"Day off due to slight foot soreness. Kept active by pacing around during phone calls, but no structured workout."
2023-02-14,9600,Run,40,300,"Early Valentine’s Day run before prepping a family dinner. Surprised myself with decent speed in cooler temperatures."
2023-02-15,8200,Site Walk,85,330,"Spent the morning coordinating with the city safety official. Up and down the site slope multiple times added steps."
2023-02-16,7000,Gym - Weights,45,340,"Primarily chest presses, bicep curls, and light core exercises. Pushed the last few reps to muscle fatigue."
2023-02-17,10500,Run,50,340,"Ran a comfortable 5K with a friend, chatting about project milestones. Relaxed pace but still decent calorie burn."
2023-02-18,4500,Rest Day,0,0,"Had an early ballet costume pickup for Tina. No formal exercise, just some errands and mild walking around stores."
2023-02-19,11400,Gym - Mixed,60,420,"Morning circuit training mixing jump rope, push-ups, and squats. Maintained a higher heart rate the entire time."
2023-02-20,7800,Evening Walk,40,200,"Strolled the neighborhood to clear my thoughts after a packed workday. Observed the moonlit sky—very calming."
2023-02-21,9600,Run,35,290,"Added a few hill sprints near the park. Legs burned, but it was a satisfying mini-challenge."
2023-02-22,5400,Rest Day,0,0,"Busy music recording session. Only minimal movement setting up equipment, so I’ll ramp up tomorrow’s workout."
2023-02-23,11500,Gym - Weights,55,410,"Targeted shoulders and back. Used resistance bands for warm-ups to prevent any strain."
2023-02-24,6700,Site Walk,80,320,"Supervising the new drainage channel layout. Frequent climbing in and out of the foundation pit added extra steps."
2023-02-25,4000,Rest Day,0,0,"Tina’s ballet recital day! Spent most of the time seated in the theater, so no real workout today."
2023-02-26,13600,Run + Weights,65,480,"Challenging combo session to blow off steam. Felt invigorated after mixing a moderate run with a demanding weight circuit."
2023-02-27,8800,Site Walk,90,340,"Long day verifying newly placed rebar ties. The construction site’s uneven terrain made for an interesting workout."
2023-02-28,5000,Rest Day,0,0,"Left work early for Mike’s soccer game. Minimal activity otherwise—family time took priority."
2023-03-01,10000,Run,40,300,"Cool morning run through the neighborhood. Enjoyed the sunrise and a relatively quiet route."
2023-03-02,7900,Gym - Weights,45,350,"Leg presses, lunges, and hamstring curls. Feeling the burn in my quads while ensuring proper form."
2023-03-03,5200,Rest Day,0,0,"Swamped with project deadlines. Took short breaks to stretch and sip water to stay energized."
2023-03-04,11000,Gym - Cardio,55,380,"Focused on elliptical and rowing intervals. Kept heart rate in the fat-burning zone for most of the session."
2023-03-05,8400,Family Walk,60,250,"Visited a nature reserve trail. Kids loved spotting birds and frogs, and I appreciated the scenic, slower-paced stroll."
2023-03-06,9100,Run,30,280,"Short but fast run during lunch break. Pushed a sprint in the last quarter-mile to test my limits."
2023-03-07,5000,Site Walk,70,280,"Rainy day site check. Carefully navigated muddy areas and made sure all hazard zones were clearly marked."
2023-03-08,9300,Yoga,50,220,"Longer session with an emphasis on balance poses. Eased tension in my shoulders from hunching over blueprints."
2023-03-09,13200,Run + Weights,65,450,"Powerful morning run plus an evening arm workout. Surprised by how much energy I had left after the run."
2023-03-10,6000,Rest Day,0,0,"Spent the day prepping for the city council briefing. Only activity was pacing around my office while rehearsing notes."
2023-03-11,11800,Gym - Cardio,60,420,"Cycling and stair climber combo. The stair climber was brutal but beneficial for lower-body strength."
2023-03-12,9500,Run,45,320,"Late afternoon jog with moderate hills. Observed a beautiful sunset along the way."
2023-03-13,4800,Rest Day,0,0,"Early morning leadership meeting left me no time to work out. Took a mental break instead."
2023-03-14,10600,Gym - Mixed,55,400,"Combined treadmill intervals with a few weightlifting sets. Trying to boost endurance while maintaining strength."
2023-03-15,7900,Site Walk,95,360,"Frequent checks of signage, guard rails, and new formwork on the overpass. Climbing ladders added a mini leg workout."
2023-03-16,10400,Run,50,330,"Evening run after open mic night. Felt light on my feet, possibly inspired by the music vibes."
2023-03-17,4000,Rest Day,0,0,"Long day at the site concluding with a team lunch. Minimal workout, though I did some light stretching at home."
2023-03-18,12200,Gym - Weights,60,440,"Full-body circuit focusing on compound lifts. Threw in extra planks to strengthen my core."
2023-03-19,8600,Family Walk,55,260,"Explored a new local park trail with Mary and the kids. Gorgeous spring blossoms made for a colorful stroll."
2023-03-20,9400,Run,35,290,"Early morning push before a hectic workday. Took advantage of the cooler temps to run faster intervals."
2023-03-21,5300,Rest Day,0,0,"Busy with music studio work in the evening. Only small breaks for water refills and a quick stretch."
2023-03-22,12700,Gym - Mixed,65,460,"High-intensity circuit training: short treadmill sprints, jumping jacks, and bench presses. Sweating buckets but feeling accomplished."
2023-03-23,8000,Evening Walk,45,220,"Gentle walk with Mary to catch up on each other’s day. Relaxing pace, but still a decent step count."
2023-03-24,10000,Run,40,310,"Decided on a moderate-distance run focusing on consistent breathing. Knees felt solid throughout the route."
2023-03-25,4500,Open Mic Rest Day,0,0,"Performed at the open mic with Tony. The only physical activity was lugging around guitar equipment."
2023-03-26,13600,Gym - Weights,70,500,"Hit a new personal record on squats. Felt the workout in my glutes and core for hours afterward."
2023-03-27,7400,Site Walk,90,350,"Spent time guiding the new intern around the project. Plenty of walking to show them each phase of construction."
2023-03-28,5200,Rest Day,0,0,"Had to focus on Mike’s soccer game and Tina’s art project. Practically no time left for a formal workout."
2023-03-29,11500,Run,55,380,"Medium-distance run with a strong finishing sprint. Mentally refreshing after a day of blueprint reviews."
2023-03-30,8400,Gym - Weights,50,370,"Rotated between deadlifts, bench presses, and overhead presses. Took longer breaks due to mild muscle fatigue."
2023-03-31,6500,Evening Walk,40,200,"Enjoyed a relaxing walk with the family before dinner. Mike showed off some new soccer dribbling moves on the sidewalk."
2023-04-01,9100,Run,35,290,"Kicked off April with an energetic run. The mild weather made the miles feel effortless."
2023-04-02,4800,Rest Day,0,0,"Day off to handle grocery shopping and chores. Light housework but no formal exercise routine."
2023-04-03,12200,Gym - Cardio,60,430,"Rowing machine intervals tested my endurance. Followed up with a cool-down walk on the treadmill."
2023-04-04,9300,Site Walk,85,340,"Led a tour for the city rep, pointing out newly installed guard rails and landscaping prep. Constant movement under the spring sun."
2023-04-05,5600,Rest Day,0,0,"Board meeting day with heavy office work. Managed only quick laps to the water cooler for steps."
2023-04-06,10700,Run,45,320,"After-work run through a neighborhood with hilly terrain. Maintained a moderate pace and avoided any ankle tweaks."
2023-04-07,7400,Gym - Weights,50,360,"Leg presses, calf raises, and core exercises. Quads were on fire, but I’m committed to building strength."
2023-04-08,8000,Park Cleanup Walk,60,260,"Volunteered at a local park cleanup. Hauled trash bags and walked multiple loops around the grounds."
2023-04-09,11200,Run + Weights,65,450,"Morning 3-mile run followed by a short bench press session. Kept rest intervals minimal for a solid burn."
2023-04-10,6200,Rest Day,0,0,"Spent time reviewing blueprints and final design notes. Simple calf stretches while standing at my desk."
2023-04-11,12900,Gym - Cardio,70,480,"Intense cycling plus elliptical. Kept my heart rate in the high-performance zone for a solid chunk of time."
2023-04-12,5600,Evening Walk,30,150,"Quick post-dinner stroll with Mary. Enjoyed a calm chat about upcoming family events and job updates."
2023-04-13,9800,Run,40,300,"Moderate outdoor run around dusk. Beautiful sky colors and cooler temps made this especially pleasant."
2023-04-14,4200,Rest Day,0,0,"Long inspection day plus dinner with friends. No real workout, just casual walking and conversation."
2023-04-15,11300,Gym - Weights,60,440,"Focused on back and biceps. Added pull-ups and rows to the routine, feeling stronger with each session."
2023-04-16,8500,Family Walk,55,230,"Explored a nearby lake trail with the kids. They raced each other while Mary and I chatted about summer plans."
2023-04-17,9100,Run,35,290,"Short, intense run before the workday. Maintained a brisk pace to boost metabolism and clear my head."
2023-04-18,5200,Rest Day,0,0,"Busy with a dinner out catching up with an old friend. Minimal physical activity beyond strolling to the restaurant."
2023-04-19,12400,Gym - Mixed,65,460,"Did a rotating circuit of cardio and weights. High energy throughout, possibly from a good night’s sleep."
2023-04-20,7800,Site Walk,80,320,"Final checks on the overpass finishing touches. Walked multiple passes to confirm landscaping and signage details."
