Timestamp,Device Name,Location,Action,Trigger,Notes
2023-01-01 07:02:00,Smart Thermostat,Living Room,"Temp set to 72°F","Manual by John","New Year morning, John needed extra warmth."
2023-01-01 13:21:00,Smart Speaker,Kitchen,"Music played: 'Celebration' by Kool & The Gang","Voice Command by Mary","She wanted a festive track while prepping lunch."
2023-01-01 19:35:00,Security Camera,Front Porch,"Motion detected","Automated by Motion Sensor","Neighbor dropped off cookies for the family."
2023-01-02 07:13:00,Smart Light,Hallway,"Light turned on at 40%","Scheduled","Soft glow for early school-day wake-up."
2023-01-02 12:52:00,Smart Lock,Back Door,"Door unlocked","App Control by Mary","She forgot a bag of groceries in the car."
2023-01-02 19:40:00,Smart Vacuum,Family Room,"Cleaning cycle started","Voice Command by John","Wanted a quick tidy after dinner mess."
2023-01-03 07:05:00,Smart Doorbell,Front Door,"Video streaming started","Manual by Tina","She checked who rang the bell—just the mailman."
2023-01-03 13:48:00,Smart Speaker,Dining Room,"Music played: 'P.Y.T.' by Michael Jackson","Voice Command by Mike","Jamming while finishing his lunch break."
2023-01-03 20:15:00,Smart TV,Living Room,"Streaming app launched","Manual by Mary","Family movie night with leftover popcorn."
2023-01-04 07:16:00,Smart Thermostat,Kitchen,"Temp set to 70°F","Manual by John","House felt stuffy after overnight cooking."
2023-01-04 12:30:00,Security Camera,Driveway,"Motion detected","Automated by Motion Sensor","Delivery truck dropping new dance gear for Tina."
2023-01-04 19:50:00,Smart Light,Living Room,"Lights turned off","Voice Command by Mary","Movie time—everyone cozy on the couch."
2023-01-05 07:03:00,Smart Lock,Front Door,"Door locked","Manual by Mike","He rushed out for soccer practice, then remembered security!"
2023-01-05 13:42:00,Smart Fridge,Kitchen,"Door opened","Manual by Mary","She inventoried groceries for tonight’s dinner."
2023-01-05 20:11:00,Smart Speaker,Tina's Bedroom,"Music played: 'Swan Lake' excerpt","Voice Command by Tina","Practicing ballet with classical tunes."
2023-01-06 07:19:00,Smart Thermostat,Hallway,"Temp set to 68°F","Scheduled","Morning energy-saving cycle in cooler weather."
2023-01-06 13:33:00,Smart Light,Backyard,"Light turned on at 100%","Manual by John","Checking garden tools in daylight overshadowed by the house."
2023-01-06 20:56:00,Smart Vacuum,Living Room,"Cleaning cycle paused","Voice Command by Mary","Paused mid-episode of a family show—too noisy!"
2023-01-07 07:07:00,Smart Alarm,Garage,"Alarm triggered","Automated by Motion Sensor","Mike forgot to disable it before grabbing sports gear."
2023-01-07 12:12:00,Smart Speaker,Kitchen,"Music played: 'Uptown Funk' by Bruno Mars","Voice Command by Mike","His hype song for weekend soccer tournaments."
2023-01-07 19:30:00,Smart Doorbell,Front Door,"Video streaming started","Voice Command by John","He checked if pizza delivery had arrived."
2023-01-08 07:24:00,Security Camera,Backyard,"Motion detected","Automated by Motion Sensor","Family dog Spot chasing early-morning squirrels."
2023-01-08 13:57:00,Smart Light,Dining Room,"Light turned off","Manual by Mary","Sunlit lunch—natural daylight was enough."
2023-01-08 20:03:00,Smart Thermostat,Living Room,"Temp set to 74°F","Voice Command by Tina","She claimed to be freezing during evening dance practice."
2023-01-09 07:10:00,Smart Speaker,Mike's Bedroom,"Alarm triggered: 'School Day'","Scheduled","Mike woke up singing along to a pop melody."
2023-01-09 12:29:00,Smart Lock,Garage Door,"Door unlocked","App Control by John","He forgot some tools for the overpass site."
2023-01-09 19:42:00,Smart TV,Family Room,"Streaming app closed","Manual by Mary","Kids had bedtime; no more cartoons."
2023-01-10 07:14:00,Smart Fridge,Kitchen,"Door opened","Manual by Tina","Searching for quick breakfast—milk and cereal."
2023-01-10 13:55:00,Smart Light,Hallway,"Light turned on at 70%","Voice Command by John","Needed bright light to sort mail on the console table."
2023-01-10 19:27:00,Smart Lock,Front Door,"Door locked","Manual by Mary","Wrapping up the evening—nightly security routine."
2023-01-11 07:09:00,Smart Vacuum,Living Room,"Cleaning cycle started","Scheduled","Midweek routine—keeps pet hair under control."
2023-01-11 12:48:00,Security Camera,Front Porch,"Motion detected","Automated by Motion Sensor","Mary’s friend arrived for lunch date, waved at camera."
2023-01-11 19:16:00,Smart Thermostat,Family Room,"Temp set to 69°F","Manual by John","Kids ran around; place heated up quickly."
2023-01-12 07:00:00,Smart Light,Kid's Bathroom,"Lights turned on at 100%","Manual by Tina","Bright wake-up call for early morning dance stretches."
2023-01-12 13:27:00,Smart Speaker,Kitchen,"Music played: 'ABC' by The Jackson 5","Voice Command by Mary","Making lunch feel like a mini dance party."
2023-01-12 20:40:00,Smart Alarm,Garage,"Alarm disarmed","Manual by John","He popped in to find old guitar equipment—late-night rummage."
2023-01-13 07:21:00,Smart Thermostat,Living Room,"Temp set to 71°F","Voice Command by Mike","He insisted the morning felt like Antarctica."
2023-01-13 13:10:00,Smart TV,Mike's Bedroom,"Gaming console launched","Manual by Mike","Quick midday soccer game break—living the dream."
2023-01-13 19:55:00,Smart Lock,Back Door,"Door unlocked","App Control by Mary","Went to let Spot in after Mike forgot again."
2023-01-14 07:34:00,Smart Light,Hallway,"Light turned off","Manual by John","Early riser, shutting off the leftover night light glow."
2023-01-14 12:20:00,Smart Speaker,Tina's Bedroom,"Music played: 'Nutcracker Suite'","Voice Command by Tina","Practicing fancy spins for her upcoming recital."
2023-01-14 20:25:00,Security Camera,Driveway,"Motion detected","Automated by Motion Sensor","Pizza delivery arrived, prompting family cheer."
2023-01-15 07:46:00,Smart Thermostat,Kitchen,"Temp set to 67°F","Scheduled","Morning energy savings—family planned to be out anyway."
2023-01-15 12:55:00,Smart Doorbell,Front Door,"Video streaming started","Voice Command by John","He suspected the mailman had come with a package for Mary."
2023-01-15 19:14:00,Smart Vacuum,Living Room,"Cleaning cycle paused","Manual by Tina","Wanted floor space for her dance practice."
2023-01-16 07:06:00,Smart Speaker,Kitchen,"Morning news briefing","Scheduled","John listened while packing lunch for Mike."
2023-01-16 13:59:00,Smart Light,Garage,"Light turned on at 60%","App Control by Mary","She needed to find old holiday decor boxes."
2023-01-16 19:58:00,Smart Thermostat,Family Room,"Temp set to 75°F","Voice Command by Tina","Drama queen mood—claims it’s too chilly for her new dance routine."
2023-01-17 07:12:00,Smart Lock,Front Door,"Door unlocked","Manual by John","Grabbing the newspaper in pajamas—Mary teased his stylish look."
2023-01-17 13:17:00,Smart Speaker,Living Room,"Music played: 'Bohemian Rhapsody' by Queen","Voice Command by Mike","Epic jam break after finishing remote homework."
2023-01-17 20:07:00,Security Camera,Backyard,"Motion detected","Automated by Motion Sensor","Spot chasing a stray cat, comedic howls recorded on camera."
2023-01-18 07:15:00,Smart Light,Kitchen,"Lights turned on at 30%","Scheduled","Soft glow for Mary’s early breakfast prep."
2023-01-18 12:35:00,Smart TV,Dining Room,"Streaming app launched","Manual by Tina","Watched a quick ballet video for technique tips."
2023-01-18 20:54:00,Smart Alarm,Garage,"Alarm triggered","App Control by John","He forgot to disable it before fetching toolbox."
2023-01-19 07:29:00,Smart Speaker,Family Room,"Music played: 'Lose Yourself to Dance' by Daft Punk","Voice Command by Mary","Grooving while tidying up cushions."
2023-01-19 13:24:00,Smart Vacuum,Hallway,"Cleaning cycle started","Automated by Schedule","Midday routine—Mike nearly tripped over it running to soccer practice."
2023-01-19 20:16:00,Smart Lock,Back Door,"Door locked","Voice Command by John","Quiet evening—ensuring security before a late Netflix binge."
2023-01-20 07:09:00,Smart Thermostat,Living Room,"Temp set to 69°F","Manual by Mary","House felt stuffy with morning sunlight streaming in."
2023-01-20 12:55:00,Security Camera,Driveway,"Motion detected","Automated by Motion Sensor","Tony arrived, big grin, carrying a synth for jam session."
2023-01-20 19:47:00,Smart Light,Dining Room,"Lights turned off","Manual by Tina","Family dinner done, she wanted the stage dark for dramatic dance exit."
2023-01-21 07:03:00,Smart Speaker,Kitchen,"Alarm triggered: 'Bake Day Reminder'","Scheduled","Mary planned to bake pastries for a fundraiser."
2023-01-21 13:38:00,Smart Doorbell,Front Door,"Video streaming started","Voice Command by Mike","He checked who was dropping off soccer team forms."
2023-01-21 20:14:00,Smart Thermostat,Hallway,"Temp set to 71°F","Voice Command by John","Hosting neighbors, needed comfy warmth."
2023-01-22 07:39:00,Smart Light,Front Porch,"Light turned on at 100%","Manual by Mary","Foggy morning—she wanted extra visibility for the paperboy."
2023-01-22 13:07:00,Smart Lock,Garage Door,"Door unlocked","Manual by Mike","He rummaged for leftover soccer cones."
2023-01-22 19:29:00,Smart Vacuum,Living Room,"Cleaning cycle paused","Voice Command by Mary","Mid-movie vacuum fiasco averted—family insisted on quiet."
2023-01-23 07:16:00,Smart Alarm,Back Door,"Alarm disarmed","App Control by John","Let Spot out quietly, not to disturb sleeping kids."
2023-01-23 13:21:00,Smart Speaker,Tina's Bedroom,"Music played: 'Waltz of the Flowers'","Voice Command by Tina","Practicing a graceful afternoon ballet sequence."
2023-01-23 20:45:00,Smart Light,Family Room,"Lights turned off","Manual by Mary","Signaling bedtime routine for everyone."
2023-01-24 07:05:00,Smart Thermostat,Kitchen,"Temp set to 68°F","Scheduled","Efficiency setting—morning routine in full swing."
2023-01-24 13:49:00,Security Camera,Driveway,"Motion detected","Automated by Motion Sensor","UPS delivered extra soccer gear for Mike."
2023-01-24 19:36:00,Smart Speaker,Living Room,"Music played: 'La Campanella' classical piece","Voice Command by Mary","She wanted something soothing for a stressful day."
2023-01-25 07:22:00,Smart Lock,Front Door,"Door locked","Voice Command by John","Kids left for school—house secures automatically."
2023-01-25 12:14:00,Smart Light,Garage,"Light turned on at 80%","Manual by Mary","Finding old photos to show Tina’s baby pics."
2023-01-25 20:04:00,Smart Vacuum,Family Room,"Cleaning cycle started","App Control by Mike","He was bored, decided to send Robo-Buddy on a mission."
2023-01-26 07:25:00,Smart Doorbell,Front Door,"Video streaming started","Automated by Motion Sensor","Postman dropped mail, kids excited for potential packages."
2023-01-26 13:57:00,Smart Thermostat,Living Room,"Temp set to 73°F","Voice Command by Tina","She insisted perfect temperature for post-lunch dance stretches."
2023-01-26 19:44:00,Smart Speaker,Kitchen,"Music played: 'I Got You (I Feel Good)' by James Brown","Manual by Mary","Cooking jam—everyone ended up dancing mid-stir."
2023-01-27 07:06:00,Smart Alarm,Garage,"Alarm triggered","Scheduled","Security sets automatically every morning in case of early errands."
2023-01-27 13:13:00,Smart Lock,Back Door,"Door unlocked","Voice Command by John","He needed to let the dog in quickly after a chase."
2023-01-27 20:02:00,Smart Light,Front Porch,"Light turned on at 100%","Sunset Automation","Neighbors dropping by for a chat, easy to see steps."
2023-01-28 07:30:00,Smart Thermostat,Kitchen,"Temp set to 70°F","App Control by Mary","Weekend comfort level before big grocery run."
2023-01-28 12:41:00,Smart Vacuum,Living Room,"Cleaning cycle paused","Voice Command by Tina","Her dance space was threatened by Robo-Buddy’s random path."
2023-01-28 19:50:00,Security Camera,Driveway,"Motion detected","Automated by Motion Sensor","Family returning with trunk full of groceries."
2023-01-29 07:11:00,Smart Light,Hallway,"Light turned off","Scheduled","Morning meltdown averted—Mike almost ran into a door earlier."
2023-01-29 13:10:00,Smart Doorbell,Front Door,"Video streaming started","Voice Command by Mary","Checking if her friend arrived for midday tea."
2023-01-29 20:25:00,Smart Thermostat,Living Room,"Temp set to 74°F","Manual by John","Kids complained it’s cold—dad turned up the heat."
2023-01-30 07:18:00,Smart Speaker,Mike's Bedroom,"Alarm triggered: 'Soccer Drills'","Scheduled","He hopped up, bragging he’ll train all morning."
2023-01-30 13:49:00,Smart Lock,Garage Door,"Door unlocked","App Control by Mary","She needed old arts & crafts for Tina’s next project."
2023-01-30 20:15:00,Smart Light,Dining Room,"Lights turned off","Manual by Tina","Family movie time, dramatic darkness requested."
2023-01-31 07:44:00,Smart Thermostat,Hallway,"Temp set to 67°F","Voice Command by Mary","After morning bustle, house felt too warm."
2023-01-31 13:11:00,Smart Vacuum,Family Room,"Cleaning cycle started","Scheduled","Midday tidy—Spot barking at the rolling machine again."
2023-01-31 20:26:00,Security Camera,Back Porch,"Motion detected","Automated by Motion Sensor","Raccoon rummaging near trash—Tina found it hilarious."
2023-02-01 07:05:00,Smart Speaker,Kitchen,"Morning news briefing","Manual by John","Quick headlines before site check, sipping coffee."
2023-02-01 13:20:00,Smart Light,Living Room,"Light turned on at 50%","Voice Command by Mary","She needed mild lighting to sew a torn ballet skirt."
2023-02-01 19:42:00,Smart Thermostat,Family Room,"Temp set to 72°F","Manual by Mike","He insisted perfect soccer highlight-watching environment."
2023-02-02 07:17:00,Smart Lock,Front Door,"Door unlocked","Manual by Tina","Forgot her new hair ribbon in the car—panic mode."
2023-02-02 13:09:00,Smart Vacuum,Hallway,"Cleaning cycle paused","Voice Command by Mike","It almost swallowed a stray sock from his gear bag."
2023-02-02 20:39:00,Smart Light,Dining Room,"Lights turned off","Manual by John","Kids off to bed, time for quiet adult conversation."
2023-02-03 07:02:00,Smart Alarm,Garage,"Alarm disarmed","App Control by Mary","She needed to grab gift wrap for a cousin’s birthday."
2023-02-03 13:30:00,Smart Speaker,Family Room,"Music played: 'September' by Earth, Wind & Fire","Voice Command by Tina","Spur-of-the-moment dance break—she dragged Mike in."
2023-02-03 19:11:00,Smart Thermostat,Living Room,"Temp set to 75°F","Scheduled","Cozy Friday night vibe for family board games."
2023-02-04 07:10:00,Smart Lock,Back Door,"Door locked","Voice Command by John","Secured after letting Spot out—Mike nearly forgot."
2023-02-04 13:15:00,Smart Light,Kitchen,"Light turned on at 80%","Manual by Mary","Preparing a big lunch, needed bright workspace."
2023-02-04 20:50:00,Smart Doorbell,Front Door,"Video streaming started","Manual by Mike","He’s waiting for friend Tony’s late-night jam session arrival."
2023-02-05 07:28:00,Smart Speaker,Mike's Bedroom,"Alarm triggered: 'Match Day'","Scheduled","Soccer mania—blaring hype tunes woke the whole house."
2023-02-05 12:05:00,Smart Thermostat,Hallway,"Temp set to 69°F","Voice Command by Mary","She found the morning heat overwhelming post-lunch."
2023-02-05 19:32:00,Smart Vacuum,Living Room,"Cleaning cycle started","App Control by John","Kids’ snack crumbs needed a quick sweep."
2023-02-06 07:04:00,Smart Alarm,Garage,"Alarm triggered","Automated by Motion Sensor","John forgot to disarm before retrieving a ladder."
2023-02-06 12:59:00,Smart Light,Back Porch,"Light turned on at 100%","Manual by Mary","Gathering items outside in broad daylight, ironically."
2023-02-06 20:22:00,Smart Lock,Front Door,"Door unlocked","Voice Command by Mike","He left his soccer ball outside—emergency retrieval."
2023-02-07 07:11:00,Smart Thermostat,Living Room,"Temp set to 68°F","Scheduled","Early morning energy saver, family about to leave anyway."
2023-02-07 13:46:00,Smart Fridge,Kitchen,"Door opened","Manual by Tina","She rummaged for fruit snacks, ignoring leftover broccoli."
2023-02-07 19:57:00,Security Camera,Driveway,"Motion detected","Automated by Motion Sensor","John’s coworker dropping off some site papers at night."
2023-02-08 07:14:00,Smart Speaker,Kitchen,"Music played: 'Night Fever' by Bee Gees","Voice Command by Mary","She needed disco energy for breakfast."
2023-02-08 13:02:00,Smart Lock,Garage Door,"Door unlocked","App Control by John","He needed his tool bag for an overpass tweak."
2023-02-08 20:33:00,Smart Thermostat,Family Room,"Temp set to 73°F","Voice Command by Tina","Sulking teen demanded extra warmth for her dance mood."
2023-02-09 07:09:00,Smart Light,Front Porch,"Light turned off","Sunrise Automation","Sun bright enough—morning routine in full gear."
2023-02-09 12:25:00,Smart Alarm,Back Door,"Alarm disarmed","Manual by Mary","She stepped out to feed Spot in the backyard."
2023-02-09 20:40:00,Smart Speaker,Living Room,"Music played: 'Cool Jazz Radio'","Scheduled","Relaxation hour—family sipping tea, unwinding from the day."
2023-02-10 07:08:00,Smart Vacuum,Hallway,"Cleaning cycle paused","Voice Command by Mike","He almost tripped racing for the bus."
2023-02-10 13:50:00,Security Camera,Front Door,"Motion detected","Automated by Motion Sensor","Package arrived, presumably new ballet DVD for Tina."
2023-02-10 19:14:00,Smart Light,Dining Room,"Lights turned on at 50%","Manual by John","Romantic dinner vibe after kids went to watch a movie."
2023-02-11 07:06:00,Smart Alarm,Garage,"Alarm triggered","App Control by Mary","Forgot to switch it off before rummaging for soccer cones."
2023-02-11 12:29:00,Smart Speaker,Kid's Bathroom,"Music played: 'Under the Sea' from Disney","Voice Command by Tina","Sing-along bath time fun—Mike banged on door in protest."
2023-02-11 20:35:00,Smart Thermostat,Living Room,"Temp set to 70°F","Manual by John","Cooling down after a heated family board game debate."
2023-02-12 07:10:00,Smart Light,Hallway,"Light turned off","Scheduled","Sunday morning—everyone slept in, hallway didn’t need lighting."
2023-02-12 13:11:00,Smart TV,Mike's Bedroom,"Gaming console launched","Voice Command by Mike","He’s trying new soccer drills in a virtual game."
2023-02-12 19:58:00,Smart Lock,Back Door,"Door locked","Manual by Mary","Ensuring security after letting Spot out at dusk."
2023-02-13 07:03:00,Smart Thermostat,Family Room,"Temp set to 72°F","Voice Command by Mary","Chilly Monday—kids whined about cold toes."
2023-02-13 13:14:00,Smart Doorbell,Front Door,"Video streaming started","Automated by Motion Sensor","Mail carrier dropped off a random catalog."
2023-02-13 20:27:00,Smart Speaker,Living Room,"Music played: 'Easy' by Commodores","App Control by John","Winding down after a stressful day at the overpass."
2023-02-14 07:25:00,Smart Light,Dining Room,"Lights turned on at 100%","Manual by Tina","Decorating for Valentine’s breakfast surprise."
2023-02-14 13:33:00,Smart Vacuum,Kitchen,"Cleaning cycle started","Scheduled","Crumbs everywhere from heart-shaped cookie baking."
2023-02-14 19:45:00,Smart Speaker,Dining Room,"Romantic playlist started","Voice Command by John","Valentine’s dinner—candlelight plus sweet tunes, kids teased them."
2023-02-15 07:10:00,Smart Fridge,Kitchen,"Door opened","Manual by Mike","Morning raid for sports drinks—always running late."
2023-02-15 12:49:00,Security Camera,Driveway,"Motion detected","Automated by Motion Sensor","Tina hopped out to greet Mary’s friend visiting for lunch."
2023-02-15 20:22:00,Smart Thermostat,Living Room,"Temp set to 74°F","Voice Command by Tina","She’s in a dramatic dance mood, wanted it extra toasty."
2023-02-16 07:16:00,Smart Light,Front Porch,"Light turned off","Sunrise Automation","Daylight revealed Mike’s chalk drawings from last night."
2023-02-16 13:29:00,Smart Vacuum,Family Room,"Cleaning cycle paused","Manual by Mary","She needed the space to fold laundry comfortably."
2023-02-16 20:31:00,Smart Lock,Garage Door,"Door locked","Voice Command by John","Double-checking after retrieving an extra folding chair."
2023-02-17 07:09:00,Smart Speaker,Kitchen,"Music played: 'Ain't No Mountain High Enough'","Voice Command by Mary","Friday motivation jam while packing lunches."
2023-02-17 12:56:00,Smart Thermostat,Hallway,"Temp set to 71°F","App Control by John","He was heading home early—wanted the house cozy."
2023-02-17 19:48:00,Security Camera,Front Porch,"Motion detected","Automated by Motion Sensor","Kids returned from a neighbor’s, laughing loudly on camera."
2023-02-18 07:01:00,Smart Doorbell,Front Door,"Video streaming started","Manual by Mike","He suspected a friend pranking with early door-knocks."
2023-02-18 13:47:00,Smart Light,Dining Room,"Light turned on at 75%","Voice Command by Mary","Family lunch in full color—bright midday meal."
2023-02-18 20:12:00,Smart Speaker,Living Room,"Music played: 'Shake It Off' by Taylor Swift","Voice Command by Tina","Random dance party, Mike rolled his eyes but joined anyway."
2023-02-19 07:05:00,Smart Thermostat,Kitchen,"Temp set to 67°F","Scheduled","Saving energy, everyone going out for Mike’s soccer game."
2023-02-19 12:20:00,Smart Vacuum,Family Room,"Cleaning cycle started","Voice Command by John","Chip crumbs everywhere after pre-game snack fiasco."
2023-02-19 19:40:00,Smart Light,Backyard,"Light turned on at 100%","Manual by Mary","Spot needed a bathroom break—no tripping in the dark."
2023-02-20 07:11:00,Smart Speaker,Living Room,"Morning news briefing","Scheduled","John multi-tasking coffee sipping and project updates."
2023-02-20 13:16:00,Smart Lock,Front Door,"Door unlocked","Manual by Mike","He forgot a video game in the car—urgent retrieval."
2023-02-20 20:02:00,Smart Thermostat,Family Room,"Temp set to 73°F","Manual by Mary","Settling in for a quiet movie night—comfort is key."
2023-02-21 07:20:00,Smart Alarm,Garage,"Alarm triggered","App Control by Mary","She rummaged for old clothes for a donation drop."
2023-02-21 13:25:00,Smart Light,Kitchen,"Light turned on at 85%","Voice Command by Tina","Baking brownies, claiming she needed ‘full spotlight.’"
2023-02-21 19:50:00,Security Camera,Driveway,"Motion detected","Automated by Motion Sensor","Family returning from an ice cream outing, arms full of treats."
2023-02-22 07:27:00,Smart Speaker,Mike's Bedroom,"Alarm triggered: 'School Time'","Scheduled","He wanted a special soccer-themed alarm track."
2023-02-22 12:14:00,Smart Lock,Garage Door,"Door unlocked","Voice Command by John","He forgot to grab his site blueprint folder."
2023-02-22 20:05:00,Smart Light,Living Room,"Lights turned off","Manual by Mary","Late family discussion about the weekend, wanted a cozy vibe."
2023-02-23 07:02:00,Smart Thermostat,Hallway,"Temp set to 70°F","Scheduled","Morning mild setting, everyone in and out quickly."
2023-02-23 13:52:00,Smart Vacuum,Family Room,"Cleaning cycle paused","Voice Command by Tina","She danced mid-floor, vacuum nearly collided with her foot."
2023-02-23 19:59:00,Smart Speaker,Dining Room,"Music played: 'Cozy Jazz'","Manual by Mary","Family dinner had a chill, classy soundtrack."
2023-02-24 07:14:00,Smart Light,Front Porch,"Light turned off","Sunrise Automation","Mike pointed out leftover chalk scribbles from last night."
2023-02-24 12:35:00,Smart Lock,Back Door,"Door unlocked","App Control by John","He needed the backyard grill tools for a surprise barbecue."
2023-02-24 20:45:00,Smart Thermostat,Living Room,"Temp set to 74°F","Voice Command by Tina","Post-ballet relaxation—her muscles needed warmth, apparently."
2023-02-25 07:30:00,Smart Alarm,Garage,"Alarm disarmed","Voice Command by Mary","Had to retrieve the cooler for a day trip—no false alerts."
2023-02-25 13:05:00,Smart Speaker,Kitchen,"Music played: 'Classic Rock Radio'","Voice Command by Mike","Head-banging while making a quick lunch—Mary teased him."
2023-02-25 20:12:00,Security Camera,Backyard,"Motion detected","Automated by Motion Sensor","Spot scurried after a raccoon again—Tina filmed the chaos."
2023-02-26 07:00:00,Smart Thermostat,Hallway,"Temp set to 66°F","Scheduled","Everyone heading out soon—no need for higher heat."
2023-02-26 13:19:00,Smart Vacuum,Living Room,"Cleaning cycle started","Voice Command by John","Kids left popcorn all over after cartoons."
2023-02-26 20:22:00,Smart Lock,Front Door,"Door locked","Manual by Mary","Nightly routine—everyone winding down with books."
2023-02-27 07:09:00,Smart Speaker,Tina's Bedroom,"Alarm triggered: 'Ballet Warmup'","Scheduled","She insisted on a graceful wake-up track."
2023-02-27 13:40:00,Smart Light,Garage,"Light turned on at 100%","Voice Command by John","Searching for old site plans, found them behind old boxes."
2023-02-27 19:51:00,Smart Thermostat,Dining Room,"Temp set to 72°F","Manual by Mary","Family dinner with a comfortable atmosphere."
2023-02-28 07:05:00,Smart Alarm,Backyard,"Alarm triggered","Automated by Motion Sensor","Mike sneaked out for early soccer practice—forgot alarm code."
2023-02-28 13:11:00,Smart Lock,Front Door,"Door unlocked","Manual by Tina","She left her art project in the car, ran to fetch it."
2023-02-28 20:55:00,Smart Speaker,Living Room,"Music played: 'Goodnight Moon Lullaby'","Voice Command by Mary","Kids bedtime—calming tune to end the day peacefully."
2023-03-01 07:20:00,Smart Light,Hallway,"Light turned off","Scheduled","Mike nearly fell earlier when it was too bright—he glared at the sensor."
2023-03-01 12:59:00,Smart Vacuum,Family Room,"Cleaning cycle paused","App Control by Mary","She had to set up a yoga mat for a quick session."
2023-03-01 20:35:00,Smart Speaker,Dining Room,"Music played: 'Smooth Operator' by Sade","Voice Command by John","Late dinner mood, Mary teased him about being too suave."
2023-03-02 07:15:00,Smart Thermostat,Kitchen,"Temp set to 68°F","Voice Command by Mike","Claimed to see his own breath—pure exaggeration."
2023-03-02 13:20:00,Smart Doorbell,Front Door,"Video streaming started","Automated by Motion Sensor","Courier delivered Porto’s pastries Mary ordered."
2023-03-02 19:10:00,Smart Light,Living Room,"Lights turned off","Manual by Tina","She announced a spontaneous ballet show in darkness—dramatic flair."
2023-03-03 07:03:00,Smart Alarm,Garage,"Alarm triggered","App Control by John","He stepped in to grab a spare tire pump for Mike’s bike."
2023-03-03 13:16:00,Smart Speaker,Kitchen,"Music played: 'Earth, Wind & Fire Mix'","Voice Command by Mary","Lunchtime groove—Tina danced while nibbling carrots."
2023-03-03 19:44:00,Smart Thermostat,Family Room,"Temp set to 74°F","Scheduled","Cozy Friday movie marathon atmosphere."
2023-03-04 07:12:00,Smart Light,Back Porch,"Light turned on at 90%","Manual by Mike","He and Tina planned a short morning chat outside—odd siblings moment."
2023-03-04 13:07:00,Smart Vacuum,Hallway,"Cleaning cycle started","Voice Command by John","Kids left chip crumbs everywhere playing board games."
2023-03-04 20:51:00,Security Camera,Driveway,"Motion detected","Automated by Motion Sensor","John arrived from a quick guitar string pickup, Tony in tow."
2023-03-05 07:14:00,Smart Speaker,Kitchen,"Morning news briefing","Scheduled","John multi-tasking—prepping Sunday breakfast with info feed."
2023-03-05 13:22:00,Smart Lock,Back Door,"Door unlocked","Voice Command by Tina","She forgot her new painting kit in the car again."
2023-03-05 19:50:00,Smart Light,Family Room,"Lights turned off","Manual by Mary","Calm Sunday night, reading by lamp in the corner."
2023-03-06 07:00:00,Smart Alarm,Front Door,"Alarm disarmed","App Control by John","Quick mailbox run, ensuring no accidental siren."
2023-03-06 13:14:00,Smart Thermostat,Living Room,"Temp set to 71°F","Voice Command by Mary","Spring warmth outside, moderate comfort inside."
2023-03-06 20:31:00,Smart Speaker,Living Room,"Music played: 'At Last' by Etta James","Voice Command by John","Relaxing after finishing some overpass paperwork."
2023-03-07 07:26:00,Smart Light,Garage,"Light turned on at 70%","Scheduled","John’s morning check for extra rebar in storage."
2023-03-07 12:50:00,Security Camera,Back Porch,"Motion detected","Automated by Motion Sensor","Neighborhood cat strolling, Tina waved from inside."
2023-03-07 20:00:00,Smart Thermostat,Kitchen,"Temp set to 73°F","Manual by Mary","She likes it warm while baking cookies for tomorrow."
2023-03-08 07:09:00,Smart Speaker,Mike's Bedroom,"Alarm triggered: 'Workout Time'","Scheduled","He’s determined to do push-ups before school."
2023-03-08 13:03:00,Smart Doorbell,Front Door,"Video streaming started","Voice Command by John","He anticipated a buddy dropping off site documents."
2023-03-08 20:27:00,Smart Light,Tina's Bedroom,"Light turned off","Manual by Tina","She insisted darkness fosters deep dance emotion."
2023-03-09 07:02:00,Smart Vacuum,Living Room,"Cleaning cycle started","Scheduled","Daybreak routine—Mike hopped over it mid-run to breakfast."
2023-03-09 13:21:00,Smart Lock,Garage Door,"Door unlocked","Voice Command by Mary","Grabbing spare soccer balls for Mike’s practice."
2023-03-09 20:42:00,Smart Thermostat,Hallway,"Temp set to 70°F","Manual by John","Preparing for a restful night, kids asleep already."
2023-03-10 07:06:00,Smart Light,Front Porch,"Light turned off","Sunrise Automation","Mike saw leftover chalk scribbles from last night’s illusions."
2023-03-10 12:40:00,Security Camera,Driveway,"Motion detected","Automated by Motion Sensor","Tony arrived with new music gear for jam session."
2023-03-10 19:14:00,Smart Speaker,Family Room,"Music played: 'Family Funk Night Mix'","Voice Command by John","Friday jam—everyone boogied until bedtime."
2023-03-11 07:00:00,Smart Alarm,Garage,"Alarm disarmed","Manual by Mary","Wanted to grab chairs for an impromptu yard sale."
2023-03-11 12:25:00,Smart Doorbell,Front Door,"Video streaming started","Manual by Mike","He expected a friend from soccer to show up any minute."
2023-03-11 20:35:00,Smart Thermostat,Living Room,"Temp set to 68°F","Voice Command by Tina","Post-board game meltdown—everyone sweaty from excitement."
2023-03-12 07:10:00,Smart Light,Hallway,"Light turned on at 30%","Scheduled","Gentle Sunday wake-up, not too harsh on sleepy eyes."
2023-03-12 13:16:00,Smart TV,Family Room,"Streaming app launched","Manual by Mary","She found a new cooking show to spark dinner ideas."
2023-03-12 19:58:00,Smart Lock,Back Door,"Door locked","Voice Command by John","Wrapping up the evening, kids finishing homework."
2023-03-13 07:03:00,Smart Thermostat,Kitchen,"Temp set to 72°F","Manual by Mary","Chilly Monday, warming up while Mike complains about everything."
2023-03-13 13:11:00,Smart Light,Garage,"Light turned on at 100%","App Control by John","Searching for leftover site plans he swore he’d misplaced."
2023-03-13 20:27:00,Smart Speaker,Living Room,"Music played: 'Mellow Monday Mix'","Voice Command by Mary","Unwinding after a busy start to the week."
2023-03-14 07:50:00,Smart Vacuum,Hallway,"Cleaning cycle paused","Voice Command by Tina","Nearly ate one of her ribbon spools for ballet."
2023-03-14 13:24:00,Smart Alarm,Backyard,"Alarm triggered","App Control by John","He forgot to switch it off while checking garden."
2023-03-14 20:36:00,Smart Thermostat,Family Room,"Temp set to 74°F","Manual by Mary","Cozying up to watch Tina’s newly recorded ballet clips."
2023-03-15 07:10:00,Smart Light,Mike's Bedroom,"Light turned on at 100%","Voice Command by Mary","He wouldn’t budge, so she flooded the room with brightness."
2023-03-15 12:45:00,Smart Lock,Back Door,"Door unlocked","Manual by Tina","She snuck out to play with Spot—school break mischief."
2023-03-15 20:22:00,Smart Speaker,Dining Room,"Music played: 'We Are the Champions'","Voice Command by Mike","Celebrating a big soccer win, family cheered him on."
2023-03-16 07:30:00,Smart Doorbell,Front Door,"Video streaming started","Automated by Motion Sensor","Paperboy walking away, left the daily edition on time."
2023-03-16 12:15:00,Smart Thermostat,Hallway,"Temp set to 70°F","Voice Command by John","Lunchtime shift, house was stuffy from cooking heat."
2023-03-16 20:19:00,Smart Lock,Front Door,"Door locked","Scheduled","Nightly security—everyone crashed early after a busy day."
2023-03-17 07:11:00,Smart Vacuum,Family Room,"Cleaning cycle started","Manual by Mary","Kid snack crumbs again—she rolled eyes at repeated mess."
2023-03-17 12:20:00,Smart Light,Kitchen,"Light turned on at 60%","Voice Command by Tina","Practicing some 'creative cooking' she learned online."
2023-03-17 20:00:00,Smart Thermostat,Living Room,"Temp set to 73°F","Voice Command by John","Friday relaxation time, father–daughter jam soon."
2023-03-18 07:02:00,Smart Speaker,Kitchen,"Morning news briefing","Scheduled","Mary stirring pancake batter, listening to headlines."
2023-03-18 13:14:00,Smart Lock,Garage Door,"Door unlocked","App Control by Mike","He wanted his old skateboard tools for a project."
2023-03-18 19:53:00,Security Camera,Backyard,"Motion detected","Automated by Motion Sensor","Spot barking at a possum, comedic chase captured on video."
2023-03-19 07:17:00,Smart Thermostat,Family Room,"Temp set to 69°F","Manual by Mary","Air felt stale; she let in fresh breeze too."
2023-03-19 12:33:00,Smart Vacuum,Living Room,"Cleaning cycle paused","Voice Command by John","He needed floor space for a quick guitar jam with Tony."
2023-03-19 20:28:00,Smart Light,Hallway,"Light turned off","Manual by Tina","She performed a dramatic exit from dance routine."
2023-03-20 07:21:00,Smart Alarm,Backyard,"Alarm disarmed","App Control by John","Fetching leftover tools for final overpass tasks."
2023-03-20 12:10:00,Smart Speaker,Living Room,"Music played: 'Happy Together' by The Turtles","Voice Command by Mary","Cheerful midday break—family in good spirits."
2023-03-20 19:50:00,Smart Thermostat,Kitchen,"Temp set to 72°F","Voice Command by Tina","Claimed it’s perfect for helping cookies rise, questionable logic."
2023-03-21 07:26:00,Smart Light,Tina's Bedroom,"Light turned on at 100%","Scheduled","School-day auto-wakeup—she grumbled but got up."
2023-03-21 12:43:00,Smart Lock,Back Door,"Door unlocked","Manual by Mike","Snagged a soccer ball for an impromptu backyard practice."
2023-03-21 19:31:00,Smart Speaker,Dining Room,"Music played: 'Acoustic Chill' playlist","Voice Command by Mary","Quiet dinner after a hectic volunteering day."
2023-03-22 07:05:00,Smart Thermostat,Living Room,"Temp set to 68°F","Scheduled","Everyone leaving for the day, no need for high heat."
2023-03-22 12:18:00,Smart Doorbell,Front Door,"Video streaming started","Manual by John","Expected a coworker delivering final site forms."
2023-03-22 20:45:00,Smart Light,Kitchen,"Lights turned off","Voice Command by Mary","End of day—she enforced 'no more midnight snacks' rule."
2023-03-23 07:02:00,Smart Speaker,Kitchen,"Morning news briefing","App Control by John","He’s mentally preparing for final overpass inspection."
2023-03-23 13:34:00,Smart Vacuum,Hallway,"Cleaning cycle started","Scheduled","Mary wanted a dust-free zone for an afternoon yoga attempt."
2023-03-23 19:52:00,Smart Thermostat,Family Room,"Temp set to 73°F","Voice Command by Tina","Flopped on couch, demanding 'ideal Netflix temperature.'"
2023-03-24 07:01:00,Smart Lock,Front Door,"Door locked","Manual by John","Kids off to school, he’s heading to site for sign-offs."
2023-03-24 12:25:00,Smart Light,Garage,"Light turned on at 90%","Manual by Mary","Hunting for old baby photos—sentimental midday project."
2023-03-24 20:10:00,Smart Speaker,Living Room,"Music played: 'Friday Family Party' playlist","Voice Command by Mike","Start of weekend—dance vibes are strong."
2023-03-25 07:14:00,Smart Alarm,Garage,"Alarm triggered","Automated by Motion Sensor","Mary forgot to disarm it while looking for lawn chairs."
2023-03-25 13:05:00,Smart Thermostat,Kitchen,"Temp set to 70°F","Voice Command by John","Cooking lunch, house got steamy from the stove."
2023-03-25 19:55:00,Security Camera,Driveway,"Motion detected","Automated by Motion Sensor","Family came home from errands, arms full of groceries."
2023-03-26 07:08:00,Smart Speaker,Mike's Bedroom,"Alarm triggered: 'Morning Drills'","Scheduled","He insisted on early soccer exercises, then dozed off again."
2023-03-26 13:17:00,Smart Vacuum,Living Room,"Cleaning cycle started","Voice Command by Tina","Parents refused to do chores, so Robo-Buddy took over."
2023-03-26 20:25:00,Smart Lock,Front Door,"Door locked","App Control by Mary","Lockdown for the night, kids already brushing teeth."
2023-03-27 07:11:00,Smart Alarm,Garage,"Alarm disarmed","Manual by John","He needed leftover paint cans for a quick fix on a blueprint stand."
2023-03-27 12:55:00,Smart Light,Family Room,"Light turned on at 50%","Manual by Mary","She’s sorting documents, needed gentle lighting."
2023-03-27 20:32:00,Smart Thermostat,Living Room,"Temp set to 73°F","Voice Command by Tina","Celebration warmth after Dad declared project success!"
2023-03-28 07:09:00,Smart Speaker,Kitchen,"Music played: 'Gimme Some Lovin'' by The Spencer Davis Group","Voice Command by Mike","He claims it’s his pump-up jam for life."
2023-03-28 12:14:00,Smart Lock,Back Door,"Door unlocked","Manual by Tina","Searching for art supplies left in the car trunk."
2023-03-28 20:59:00,Smart Light,Dining Room,"Lights turned off","Manual by John","Late dinner done, switching to living room couch session."
2023-03-29 07:16:00,Smart Thermostat,Hallway,"Temp set to 68°F","Scheduled","Saving energy, kids heading to school, parents off to errands."
2023-03-29 12:50:00,Smart Vacuum,Family Room,"Cleaning cycle paused","Voice Command by Mary","Conference call needed quiet—Robo-Buddy was too loud."
2023-03-29 20:45:00,Security Camera,Driveway,"Motion detected","Automated by Motion Sensor","John arrived from a final site meeting, big grin on face."
2023-03-30 07:05:00,Smart Doorbell,Front Door,"Video streaming started","Automated by Motion Sensor","Mailman’s daily approach with letters and catalogs."
2023-03-30 13:01:00,Smart Speaker,Living Room,"Music played: 'Relaxing Piano' playlist","Voice Command by Mary","She needed calm background while paying bills."
2023-03-30 19:56:00,Smart Thermostat,Kitchen,"Temp set to 74°F","Manual by John","Kids baking cookies, raising the chill for comfort."
2023-03-31 07:25:00,Smart Light,Hallway,"Light turned off","Manual by Tina","She was done rummaging for a lost sock before school."
2023-03-31 12:10:00,Smart Lock,Garage Door,"Door unlocked","Voice Command by Mary","Grabbing extra chairs for neighbor get-together."
2023-03-31 20:43:00,Smart Alarm,Back Door,"Alarm triggered","App Control by John","He forgot to deactivate while letting Spot out at night."
2023-04-01 07:10:00,Smart Speaker,Kitchen,"Alarm triggered: 'April Fools Alert'","Scheduled","Mike set a prank alarm—family woke up laughing."
2023-04-01 13:03:00,Smart Vacuum,Living Room,"Cleaning cycle started","Voice Command by Mary","Saturday tidying session, kids jumped over it mid-run."
2023-04-01 20:15:00,Security Camera,Driveway,"Motion detected","Automated by Motion Sensor","Tony arrived for an impromptu jam and pizza party."
2023-04-02 07:25:00,Smart Thermostat,Hallway,"Temp set to 70°F","Scheduled","Sunday calm—morning coffee aroma blending nicely."
2023-04-02 12:44:00,Smart Speaker,Mike's Bedroom,"Music played: 'Sunshine Reggae'","Voice Command by Mike","Beach day vibe locked in, prepping for a day out."
2023-04-02 20:32:00,Smart Lock,Front Door,"Door locked","Manual by John","End of a fun outing, kids already passed out from fatigue."
2023-04-03 07:00:00,Smart Alarm,Garage,"Alarm disarmed","App Control by Mary","Getting Easter decor boxes for a family craft."
2023-04-03 13:12:00,Smart Light,Kitchen,"Light turned on at 80%","Manual by John","He rummaged for utensils, cooking lunch with new vegetarian recipes."
2023-04-03 19:59:00,Smart Thermostat,Living Room,"Temp set to 75°F","Voice Command by Mary","Cozy environment to discuss final overpass celebration ideas."
2023-04-04 07:21:00,Smart Vacuum,Family Room,"Cleaning cycle paused","Voice Command by Tina","It almost crashed into her toe while she stretched."
2023-04-04 12:38:00,Smart Speaker,Living Room,"Music played: 'Lo-Fi Chill Beats'","App Control by Mike","He claims it helps him do homework—Mary is skeptical."
2023-04-04 19:45:00,Smart Light,Backyard,"Light turned on at 100%","Manual by John","Quick grill check—maybe a small barbecue tomorrow."
2023-04-05 07:14:00,Smart Thermostat,Kitchen,"Temp set to 67°F","Scheduled","Morning routine—everyone out to errands or work."
2023-04-05 12:32:00,Security Camera,Driveway,"Motion detected","Automated by Motion Sensor","Mary returned from Slurpee run with Tina, comedic brain freeze."
2023-04-05 20:10:00,Smart Lock,Garage Door,"Door locked","Voice Command by John","He retrieved extra chairs for a family meeting, then secured it."
2023-04-06 07:02:00,Smart Alarm,Back Door,"Alarm triggered","App Control by Mary","She stepped out to see if flowers bloomed, forgot to disarm."
2023-04-06 12:43:00,Smart Thermostat,Living Room,"Temp set to 70°F","Voice Command by John","House felt stuffy on a warm afternoon, needed fresh breeze."
2023-04-06 19:58:00,Smart Light,Hallway,"Light turned off","Manual by Mike","He dashed upstairs for a final soccer gear check—didn’t need bright hallway."
2023-04-07 07:25:00,Smart Speaker,Kitchen,"Music played: 'Wake Me Up Before You Go-Go'","Voice Command by Mary","Fun 80s vibe to start a Friday morning."
2023-04-07 12:15:00,Smart Doorbell,Front Door,"Video streaming started","Automated by Motion Sensor","John’s phone buzzed: package with phone case from Anaheim arrived."
2023-04-07 20:45:00,Smart Thermostat,Family Room,"Temp set to 74°F","Manual by Tina","Movie night plus extra coziness—Mike teased her princess-like demands."
2023-04-08 07:20:00,Smart Light,Garage,"Light turned on at 50%","Manual by John","Early rummaging for an ice chest—weekend brunch prep."
2023-04-08 13:10:00,Smart Vacuum,Living Room,"Cleaning cycle started","Scheduled","Saturday routine—family scurried to lift feet off the floor."
2023-04-08 20:35:00,Smart Speaker,Family Room,"Music played: 'Comedy Musical' Soundtrack","Manual by Mary","Kids wanted to sing along after a random movie choice."
2023-04-09 07:18:00,Smart Thermostat,Kitchen,"Temp set to 69°F","Voice Command by John","Easter morning, breezy outside, mild indoor comfort."
2023-04-09 13:52:00,Smart Light,Front Porch,"Light turned on at 100%","Manual by Mike","Family returning from relatives, needed bright entry."
2023-04-09 20:47:00,Security Camera,Driveway,"Motion detected","Automated by Motion Sensor","Tina hopped out in new sneakers, dancing with leftover Easter cheer."
2023-04-10 07:15:00,Smart Alarm,Garage,"Alarm disarmed","Manual by Mary","Grabbing leftover project boards—John’s final overpass display day."
2023-04-10 13:02:00,Smart Speaker,Kitchen,"Music played: 'We Are Family' by Sister Sledge","Voice Command by John","Celebrating project wrap-up, house in a joyous mood."
2023-04-10 18:05:00,Smart Light,Kitchen,"Lights turned on at 60%","Manual by John","Victory dinner cooking, gentle lighting for a festive atmosphere."
