Timestamp,Location Name,Latitude,Longitude,Activity,Notes
2023-01-01 08:00:00,Pacific Palisades Pier,34.0094,-118.4973,Morning Walk,"Started the new year with a refreshing walk along the pier. Reflected on upcoming goals, including finishing the highway overpass project."
2023-01-02 08:00:00,Acme Construction HQ,34.0250,-118.4902,Work Meeting,"Kicked off a budget alignment meeting with the manager. Discussed steel supply delays and potential cost-saving measures."
2023-01-03 08:00:00,Third Street Promenade,34.0166,-118.4968,Coffee Run,"Stopped by a local café for a morning coffee before heading to the office. Planned next week’s on-site inspection schedule while sipping a latte."
2023-01-04 08:00:00,Highway 63 Overpass Site (Pacific Palisades Outskirts),34.0312,-118.4831,Site Inspection,"Walked the construction zone to verify rebar deliveries. Noticed some drainage issues that might require an extra channel."
2023-01-05 08:00:00,Pacific Palisades Beach (Near Ocean Ave),34.0069,-118.4912,Family Stroll,"Brought Mary, Mike, and Tina to enjoy the sunrise. Kids collected seashells while John brainstormed new music ideas."
2023-01-06 08:00:00,Home (Residential Street),34.0282,-118.4682,Remote Work,"Stayed home to finalize design proposals. Used extra time to tweak guitar chords for an upcoming jam session."
2023-01-07 08:00:00,Pacific Palisades Farmers Market,34.0151,-118.4938,Weekend Errands,"Picked up fresh produce with Mary. Discussed possible healthy meal plans to support John’s fitness resolution."
2023-01-08 08:00:00,Palisades Park,34.0192,-118.5050,Jogging,"Took an early morning jog with a coworker to compare step counts for the office wellness challenge. Enjoyed ocean views along the path."
2023-01-09 08:00:00,Contractor Phil’s Office,34.0245,-118.4809,Work Discussion,"Met Phil to review moisture content in the soil samples. Proposed adding deeper drainage near the eastern slope of the overpass."
2023-01-10 08:00:00,Home Studio (Garage),34.0278,-118.4685,Music Practice,"Recorded a rough guitar track for a new collaboration with Tony. Tested layering acoustic riffs with subtle electronic beats."
2023-01-11 08:00:00,Acme Construction HQ,34.0250,-118.4902,Budget Review,"Presented revised cost projections to the finance team. Answered questions about steel reinforcement options and timeline shifts."
2023-01-12 08:00:00,Pacific Palisades Public Library,34.0195,-118.4912,Research,"Consulted city archives for older infrastructure guidelines to ensure compliance. Took notes on updated pedestrian safety laws."
2023-01-13 08:00:00,Third Street Promenade,34.0166,-118.4968,Family Lunch,"Met Mary for a quick lunch date. Kids were in school, so they enjoyed a rare midday break discussing weekend plans."
2023-01-14 08:00:00,Highway 63 Overpass Site (Pacific Palisades Outskirts),34.0312,-118.4831,Safety Check,"Examined the protective barriers around excavation areas. Documented improvements needed for clear hazard signage."
2023-01-15 08:00:00,Music Friend Tony’s Garage,34.0261,-118.4745,Jam Session,"Collaborated on a moody acoustic track. Experimented with a half-time beat that could transition into a more upbeat chorus."
2023-01-16 08:00:00,Pacific Palisades Pier,34.0094,-118.4973,Quick Walk,"Took a short walk along the pier before work. Thought about ways to streamline the rebar installation process next month."
2023-01-17 08:00:00,Acme Construction HQ,34.0250,-118.4902,Project Update,"Summarized new city regulations for the engineering team. Emphasized the need for wider sidewalks in the final overpass design."
2023-01-18 08:00:00,Pacific Palisades College Campus,34.0173,-118.4753,Guest Lecture,"Invited to speak to a civil engineering class about sustainable construction materials. Students asked thoughtful questions."
2023-01-19 08:00:00,Pacific Palisades Fitness Center,34.0230,-118.4861,Morning Workout,"Increased weight on squats and bench press. Chatted briefly with the gym manager about hosting a small construction safety seminar."
2023-01-20 08:00:00,Palisades Park,34.0192,-118.5050,Jogging,"Early run to clear his head after a long night editing blueprint revisions. Focused on breathing technique and pacing."
2023-01-21 08:00:00,Home (Residential Street),34.0282,-118.4682,Rest & Family,"Spent the day with the kids working on Mike’s science project. Brainstormed how to incorporate a mini roller coaster model."
2023-01-22 08:00:00,Highway 63 Overpass Site (Pacific Palisades Outskirts),34.0312,-118.4831,Weekend Oversight,"Checked on weekend crew progress. Discussed minor scheduling changes with Phil to accommodate the next rebar shipment."
2023-01-23 08:00:00,Pacific Palisades Beach (Near Ocean Ave),34.0069,-118.4912,Morning Meditation,"Tried a short meditation session by the water to reduce stress. Felt recharged and ready for a busy workweek."
2023-01-24 08:00:00,Acme Construction HQ,34.0250,-118.4902,Blueprint Drafting,"Refined foundation specs with Tom Baker. Adjusted slope angles to meet new drainage requirements from city officials."
2023-01-25 08:00:00,Pacific Palisades Farmers Market,34.0151,-118.4938,Grocery Run,"Picked up fresh fruit and veggies for Mary. Ran into a colleague who asked about potential design changes for highway guard rails."
2023-01-26 08:00:00,Music Friend Tony’s Garage,34.0261,-118.4745,Lyric Brainstorm,"Finalized lyrics for a second verse that references life in Pacific Palisades. Debated adding a synth bridge for a modern twist."
2023-01-27 08:00:00,Third Street Promenade,34.0166,-118.4968,Coffee Break,"Stopped by his favorite café to outline the next steps for the overpass timeline. Jotted down to-do items on a napkin."
2023-01-28 08:00:00,Highway 63 Overpass Site (Pacific Palisades Outskirts),34.0312,-118.4831,Safety Audit,"Accompanied HR reps to review on-site protocols. Shared improvements made since the last audit to meet OSHA standards."
2023-01-29 08:00:00,Home Studio (Garage),34.0278,-118.4685,Recording Session,"Laid down guitar tracks for an acoustic version of a previously upbeat tune. Experimented with layering vocals from Mary."
2023-01-30 08:00:00,Pacific Palisades Public Library,34.0195,-118.4912,Research,"Studied older city development plans for insight on historical traffic flow patterns. Hoping to apply relevant data to the current project."
2023-01-31 08:00:00,Palisades Park,34.0192,-118.5050,Morning Jog,"Pushed for a slightly faster pace than usual. Used the time to mentally draft an email summarizing rebar cost updates."
2023-02-01 08:00:00,Acme Construction HQ,34.0250,-118.4902,Team Huddle,"Discussed upcoming city inspections. Emphasized the importance of double-checking drainage channels before the next pour."
2023-02-02 08:00:00,Pacific Palisades Fitness Center,34.0230,-118.4861,Strength Training,"Focus on back and shoulders. Trainer recommended new exercises to improve posture, which could help on-site activity."
2023-02-03 08:00:00,Third Street Promenade,34.0166,-118.4968,Errands,"Bought new running shoes and grabbed a quick smoothie. Checked texts from Phil about scheduling next Monday’s site meeting."
2023-02-04 08:00:00,Pacific Palisades Pier,34.0094,-118.4973,Family Outing,"Mike tried to win a stuffed animal at a pier game while Tina insisted on riding the carousel. John scouted scenic views for future inspiration."
2023-02-05 08:00:00,Highway 63 Overpass Site (Pacific Palisades Outskirts),34.0312,-118.4831,Weekend Inspection,"Surprised to see good progress on the steel framework. Snapped photos to include in Monday’s update email."
2023-02-06 08:00:00,Contractor Phil’s Office,34.0245,-118.4809,Supplier Call,"Collaborated on a call with the steel supplier to confirm adjusted delivery dates. Negotiated a minor discount for bulk orders."
2023-02-07 08:00:00,Home (Residential Street),34.0282,-118.4682,Work From Home,"Reviewed blueprint changes from the city safety official. Took advantage of quiet time to finalize an urgent presentation."
2023-02-08 08:00:00,Pacific Palisades Beach (Near Ocean Ave),34.0069,-118.4912,Morning Run,"Pushed for a personal best along the shoreline. Brought a small notepad to jot down creative lyric ideas mid-run."
2023-02-09 08:00:00,Acme Construction HQ,34.0250,-118.4902,Budget Meeting,"Presented new cost estimates including labor overtime. The finance team requested clarifications on rebar usage projections."
2023-02-10 08:00:00,Music Friend Tony’s Garage,34.0261,-118.4745,Rehearsal,"Ran through a final set list before a potential open mic event. Tested subtle harmony lines that Mary suggested."
2023-02-11 08:00:00,Pacific Palisades Farmers Market,34.0151,-118.4938,Weekly Shopping,"Stocked up on locally sourced honey and organic produce. Debated with a local vendor about greenhouse gas emissions."
2023-02-12 08:00:00,Third Street Promenade,34.0166,-118.4968,Family Lunch,"Met Mary and the kids after Mike’s soccer practice. Tina was excited to show off new ballet stretches in the open courtyard."
2023-02-13 08:00:00,Highway 63 Overpass Site (Pacific Palisades Outskirts),34.0312,-118.4831,Site Planning,"Walked the perimeter to confirm guard rail placements. Gathered final notes to share at tomorrow’s city council briefing."
2023-02-14 08:00:00,Pacific Palisades Pier,34.0094,-118.4973,Valentine’s Day Stroll,"Took Mary for a quick morning walk to celebrate Valentine’s. Gave her a handwritten note with music lyric snippets."
2023-02-15 08:00:00,Pacific Palisades City Hall,34.0203,-118.4902,Council Presentation,"Presented the overpass design updates to city council. Received positive feedback on the pedestrian-friendly approach."
2023-02-16 08:00:00,Acme Construction HQ,34.0250,-118.4902,Team Sync,"Discussed next steps after the successful council presentation. Everyone appeared relieved and motivated to keep pushing forward."
2023-02-17 08:00:00,Pacific Palisades College Campus,34.0173,-118.4753,Career Day,"Spoke at a small panel on engineering careers. Encouraged students to explore interdisciplinary skills like design software and music production."
2023-02-18 08:00:00,Palisades Park,34.0192,-118.5050,Jogging,"Short cardio session with a new running partner from work. Both agreed to keep each other accountable on fitness goals."
2023-02-19 08:00:00,Home (Residential Street),34.0282,-118.4682,Rest & Family,"Hosted a brunch for Mary’s parents. Kids showcased their progress in school and extracurricular activities."
2023-02-20 08:00:00,Highway 63 Overpass Site (Pacific Palisades Outskirts),34.0312,-118.4831,Inspection,"Assisted an external inspector who needed additional data on concrete curing times. Documented everything for reference."
2023-02-21 08:00:00,Pacific Palisades Fitness Center,34.0230,-118.4861,Morning Workout,"Focused on functional exercises for better stability when traversing the construction site. Mixed in push-ups and balance drills."
2023-02-22 08:00:00,Music Friend Tony’s Garage,34.0261,-118.4745,Recording Session,"Captured final guitar riffs for an acoustic-electronic fusion track. Tony loved the new chord progression that Mary helped refine."
2023-02-23 08:00:00,Contractor Phil’s Office,34.0245,-118.4809,Scheduling Meeting,"Planned a weekend shift to catch up on rebar installation. Agreed to bonus pay for the crew to keep morale high."
2023-02-24 08:00:00,Third Street Promenade,34.0166,-118.4968,Quick Errand,"Stopped by the bookstore to pick up a structural engineering reference. Grabbed a smoothie while reviewing notes on load distribution."
2023-02-25 08:00:00,Pacific Palisades Pier,34.0094,-118.4973,Tina’s Recital Celebration,"Tina wanted to ride the Ferris wheel after her successful ballet recital. John took plenty of photos for family scrapbooks."
2023-02-26 08:00:00,Highway 63 Overpass Site (Pacific Palisades Outskirts),34.0312,-118.4831,Weekend Oversight,"Ensured the crew had the correct steel beams for the next phase. Detected one mislabelled batch and requested replacements."
2023-02-27 08:00:00,Home Studio (Garage),34.0278,-118.4685,Music Edits,"Listened back to the new track. Took detailed notes about adjusting vocal levels and adding a deeper bass line."
2023-02-28 08:00:00,Pacific Palisades Public Library,34.0195,-118.4912,Research,"Checked a reference text about large-scale civil projects. Gathered statistics on pedestrian foot traffic relevant to the final overpass design."
2023-03-01 08:00:00,Acme Construction HQ,34.0250,-118.4902,Monthly Review,"Presented February’s progress metrics. The finance department praised the recent cost optimization on steel orders."
2023-03-02 08:00:00,Contractor Phil’s Office,34.0245,-118.4809,Blueprint Discussion,"Debated minor changes to drainage channels. Concluded that a slight tweak in slope angles would best meet city guidelines."
2023-03-03 08:00:00,Palisades Park,34.0192,-118.5050,Morning Run,"Freestyle run with intervals. Used the time to mentally finalize a setlist for the upcoming open mic event."
2023-03-04 08:00:00,Third Street Promenade,34.0166,-118.4968,Family Breakfast,"Kids insisted on trying a new pancake spot. Mike raved about a blueberry stack while John recapped the site’s progress."
2023-03-05 08:00:00,Highway 63 Overpass Site (Pacific Palisades Outskirts),34.0312,-118.4831,Weekend Shift,"Supervised rebar placement after the recent slope adjustments. Work was steady, and morale seemed high among the crew."
2023-03-06 08:00:00,Pacific Palisades Beach (Near Ocean Ave),34.0069,-118.4912,Sunrise Stroll,"Walked along the water, brainstorming ideas to speed up the project timeline. Jotted some bullet points on phone notes."
2023-03-07 08:00:00,Music Friend Tony’s Garage,34.0261,-118.4745,Practice Session,"Rehearsed for an upcoming open mic night. Tested new harmonies to complement the acoustic guitar intro."
2023-03-08 08:00:00,Acme Construction HQ,34.0250,-118.4902,Team Stand-Up,"Addressed a new city safety request regarding overhead clearance. Delegated tasks to ensure all specs are updated quickly."
2023-03-09 08:00:00,Pacific Palisades Fitness Center,34.0230,-118.4861,Strength & Cardio,"Mixed treadmill sprints with free-weight squats. Made mental notes about music transitions for a new track with Tony."
2023-03-10 08:00:00,Pacific Palisades Pier,34.0094,-118.4973,City Council Debrief,"Grabbed a coffee with a council member to discuss final touches on the overpass design. Friendly chat about future city expansions."
2023-03-11 08:00:00,Third Street Promenade,34.0166,-118.4968,Kids’ Day Out,"Mike needed new soccer cleats, and Tina wanted a new dance outfit. John squeezed in a bit of weekend enjoyment while running errands."
2023-03-12 08:00:00,Highway 63 Overpass Site (Pacific Palisades Outskirts),34.0312,-118.4831,Quality Check,"Reviewed the newly poured concrete surfaces. Noticed a minor crack that might need patching before it spreads."
2023-03-13 08:00:00,Home (Residential Street),34.0282,-118.4682,Remote Work,"Compiled a final inspection checklist for the upcoming site visit. Managed to help Mike with math homework during lunch break."
2023-03-14 08:00:00,Pacific Palisades Public Library,34.0195,-118.4912,Research,"Dug into older building codes to confirm historical standards for overhead bridges. Surprised to find references dating back decades."
2023-03-15 08:00:00,Music Friend Tony’s Garage,34.0261,-118.4745,Post-Conference Jam,"Just returned from a city planning conference. Discussed sustainable building tips while tuning guitars for a new track."
2023-03-16 08:00:00,Acme Construction HQ,34.0250,-118.4902,Final Presentation Prep,"Assembled slides for tomorrow’s board meeting. Focused on cost savings, timeline updates, and addressing potential risks."
2023-03-17 08:00:00,Third Street Promenade,34.0166,-118.4968,Post-Meeting Relaxation,"Stopped for a celebratory smoothie after a successful board presentation. Manager praised John’s thorough cost analysis."
2023-03-18 08:00:00,Pacific Palisades Beach (Near Ocean Ave),34.0069,-118.4912,Family Beach Morning,"Helped the kids build sandcastles while Mary read a book. Unwound from the intensity of meeting deadlines all week."
2023-03-19 08:00:00,Highway 63 Overpass Site (Pacific Palisades Outskirts),34.0312,-118.4831,Weekend Oversight,"Ensured guard rails were installed correctly. Noted a shortage of bolts, so texted Phil to order more ASAP."
2023-03-20 08:00:00,Home Studio (Garage),34.0278,-118.4685,Mixing Tracks,"Polished a rough demo recording with Tony’s new vocal harmonies. Considered adding a violin sample for extra depth."
2023-03-21 08:00:00,Pacific Palisades Pier,34.0094,-118.4973,Early Walk,"Needed to clear his head before a big city inspection. The sea breeze helped settle some nervous energy."
2023-03-22 08:00:00,Acme Construction HQ,34.0250,-118.4902,Inspection Debrief,"Discussed city inspection outcomes. Most items passed, but a few minor adjustments remain for signage and drainage."
2023-03-23 08:00:00,Contractor Phil’s Office,34.0245,-118.4809,Follow-Up Meeting,"Got final quotes on additional guard rail sections. Decided on a vendor with faster shipping to maintain schedule."
2023-03-24 08:00:00,Third Street Promenade,34.0166,-118.4968,Family Breakfast,"Kids wanted pancakes at a local spot. Quick meal before John headed to a half-day on-site check."
2023-03-25 08:00:00,Pacific Palisades Farmers Market,34.0151,-118.4938,Weekend Shopping,"Purchased fresh ingredients for a celebratory dinner. Mary planned to cook a big meal for John’s parents visiting next week."
2023-03-26 08:00:00,Highway 63 Overpass Site (Pacific Palisades Outskirts),34.0312,-118.4831,Final Pour,"Oversaw the final concrete pour for the ramp section. The crew seemed relieved to see the project nearing completion."
2023-03-27 08:00:00,Pacific Palisades Beach (Near Ocean Ave),34.0069,-118.4912,Morning Run,"Quick run to celebrate a milestone in the construction schedule. Brainstormed ideas for a short family getaway next month."
2023-03-28 08:00:00,Music Friend Tony’s Garage,34.0261,-118.4745,Production Tweaks,"Checked final mix levels on the track meant for a local producer. Adjusted the reverb to highlight John’s acoustic strumming."
2023-03-29 08:00:00,Acme Construction HQ,34.0250,-118.4902,Budget Close-Out,"Submitted final cost updates to finance. Showed under-budget savings that might fund additional landscaping near the overpass."
2023-03-30 08:00:00,Palisades Park,34.0192,-118.5050,Stress Relief Jog,"Used a brisk jog to unwind after a hectic board meeting. Admired ocean views and considered adding a new line to the final track’s lyrics."
2023-03-31 08:00:00,Pacific Palisades Pier,34.0094,-118.4973,Day Off Stroll,"Took a personal day to celebrate finishing major construction. Enjoyed a churro while watching street performers near the pier."
2023-04-01 08:00:00,Home (Residential Street),34.0282,-118.4682,Family Day,"Kids are on spring break. Spent the morning planning possible day trips, including a visit to a local music festival next weekend."
2023-04-02 08:00:00,Highway 63 Overpass Site (Pacific Palisades Outskirts),34.0312,-118.4831,Landscaping Review,"Inspected new greenery placed along the ramp edges. Noted a few plants needed replacement due to poor soil conditions."
2023-04-03 08:00:00,Pacific Palisades Public Library,34.0195,-118.4912,Research,"Double-checked historical traffic data. Hoping to compile a final report that highlights the positive community impact of the overpass."
2023-04-04 08:00:00,Pacific Palisades Fitness Center,34.0230,-118.4861,Strength Training,"Opted for heavier weights to build upper body strength. Encouraged by gym staff who recognized him from earlier visits."
2023-04-05 08:00:00,Music Friend Tony’s Garage,34.0261,-118.4745,Jam Session,"Practiced a new bluesy chord progression. Debated adding an upbeat percussion loop or keeping it stripped down for authenticity."
2023-04-06 08:00:00,Acme Construction HQ,34.0250,-118.4902,Project Wrap-Up,"De-briefed with the entire team, celebrating the near-completion of the overpass. Manager hinted at potential future projects."
2023-04-07 08:00:00,Third Street Promenade,34.0166,-118.4968,Lunch Break,"Took a solo lunch to reflect on next steps in his career. Jotted down bullet points about skill development and upcoming conference opportunities."
2023-04-08 08:00:00,Pacific Palisades Pier,34.0094,-118.4973,Open Mic Preview,"Stopped by the pier for a short performance teaser. A street musician invited John and Tony to play a quick jam session in front of bystanders."
2023-04-09 08:00:00,Home Studio (Garage),34.0278,-118.4685,Recording Final,"Finalized the vocal tracks for their new single. Tony added subtle backing vocals that tied the chorus together."
2023-04-10 08:00:00,Pacific Palisades Beach (Near Ocean Ave),34.0069,-118.4912,Beach Workout,"Started the week with beach sprints and bodyweight exercises. Planned to keep up the routine for overall fitness improvements."
2023-04-11 08:00:00,Palisades Park,34.0192,-118.5050,Kids’ Day Out,"Brought Mike and Tina to see the ocean views. They played frisbee while John answered a few final emails about the overpass."
2023-04-12 08:00:00,Acme Construction HQ,34.0250,-118.4902,Paperwork Filing,"Organized all final documentation for the city. Ensured receipts, inspection records, and design plans were archived properly."
2023-04-13 08:00:00,Music Friend Tony’s Garage,34.0261,-118.4745,Producer Meeting,"Met with a local producer who showed interest in their acoustic-electronic blend. Scheduled a follow-up session for more demos."
2023-04-14 08:00:00,Third Street Promenade,34.0166,-118.4968,Errands and Snacks,"Grabbed fresh fruit smoothies and browsed a sports store for Mike’s new soccer gear. Thought about scheduling a celebratory dinner soon."
2023-04-15 08:00:00,Pacific Palisades Farmers Market,34.0151,-118.4938,Family Shopping,"Picked up produce for a big family gathering. Mike insisted on sampling different citrus fruits while Tina found an organic cupcake stand."
2023-04-16 08:00:00,Pacific Palisades Pier,34.0094,-118.4973,Photo Session,"Mary wanted a mini family photoshoot at sunrise. Captured scenic shots that might go into their year-end holiday card."
2023-04-17 08:00:00,Highway 63 Overpass Site (Pacific Palisades Outskirts),34.0312,-118.4831,Final Walkthrough,"Performed a comprehensive final check of guard rails, signage, and landscaping. Wrote a quick success summary to share with the team."
2023-04-18 08:00:00,Home (Residential Street),34.0282,-118.4682,Admin Day,"Had a backlog of emails and minor tasks. Spent most of the day handling e-paperwork and scheduling family appointments."
2023-04-19 08:00:00,Pacific Palisades Public Library,34.0195,-118.4912,Project Review,"Met Tom Baker to review old references for future projects. Discussed lessons learned from the completed overpass build."
2023-04-20 08:00:00,Music Friend Tony’s Garage,34.0261,-118.4745,Album Planning,"Brainstormed the idea of compiling their best tracks into a small EP. Decided on a potential track order and release timeline."
2023-04-21 08:00:00,Pacific Palisades Fitness Center,34.0230,-118.4861,Early Workout,"Started the weekend strong with weight training. Felt motivated to maintain consistent fitness now that the overpass is nearly done."
2023-04-22 08:00:00,Third Street Promenade,34.0166,-118.4968,Weekend Stroll,"Enjoyed a casual walk with Mary, discussing potential ways to celebrate the official grand opening of the overpass. Mike and Tina joined later."
2023-04-23 08:00:00,Pacific Palisades Pier,34.0094,-118.4973,Relaxation,"Soaked in the coastal vibe and listened to a local street performer’s acoustic set. Took notes on chord progressions he found interesting."
2023-04-24 08:00:00,Home Studio (Garage),34.0278,-118.4685,Mixing & Mastering,"Worked on final EQ for two new songs. Tony gave feedback via video chat about layering instruments and balancing vocal frequencies."
2023-04-25 08:00:00,Highway 63 Overpass Site (Pacific Palisades Outskirts),34.0312,-118.4831,Ribbon Cutting Ceremony,"Attended the grand opening of the newly completed overpass. City officials thanked Acme Construction, and John felt proud seeing the project come to life."
