Timestamp,Sender,Recipient,Message
2023-01-01 08:05:00,John,Manager,"Happy New Year! Ready to hit the ground running at Acme Construction this year."
2023-01-01 08:15:00,John,Tom,"Hey Tom, hope you had a great holiday. I'm reviewing the preliminary sketches for the new overpass. Let's connect tomorrow."
2023-01-01 09:02:00,Mary,John,"Happy New Year, John! The kids and I are planning a small lunch celebration. Join us if you can wrap up your calls early."
2023-01-01 19:45:00,John,Music Friend (Tony),"Tony, I'm super motivated this year. Let's plan our first jam session soon. I'm thinking a chill acoustic vibe."
2023-01-02 07:45:00,John,Mary,"Woke up early to get a quick run in. I'm feeling good about this fitness journey!"
2023-01-02 10:12:00,Manager,John,"Happy New Year, John. Checking if you're available for a budget meeting at 2 PM today."
2023-01-02 13:55:00,John,Manager,"Yes, I'll be there at 2 PM. I'll bring the updated cost projections and the Gantt chart for the highway project."
2023-01-02 20:10:00,Tom,John,"Got your notes. I'll integrate them into the site plan. Also, heads-up that the environmental impact team wants to meet next week."
2023-01-03 08:30:00,John,Contractor (Phil),"Morning Phil. I’ll swing by the site at 11 AM to check on the soil samples. Let’s confirm the next steps after that."
2023-01-03 09:10:00,Phil,John,"Sounds good, John. I'll prep the documents. Also, there’s a new regulation update we might need to factor in."
2023-01-03 21:22:00,John,Mary,"Staying a bit late to finalize some design revisions. Can you handle bedtime for Mike and Tina tonight?"
2023-01-04 06:55:00,Mary,John,"No problem. The kids are still on break mode, but they'll settle in. Drive safe and see you soon."
2023-01-04 11:15:00,John,Music Friend (Tony),"Just had a melodic idea while flipping through these designs! Are you free tonight for a quick jam session over video chat?"
2023-01-04 18:40:00,Tony,John,"I'm free around 9 PM. Let’s do it. I'm curious about the new chord progression you mentioned."
2023-01-05 07:30:00,John,Tom,"Are you still up for that site inspection tomorrow morning? Weather might be rough."
2023-01-05 07:32:00,Tom,John,"Yes, we’ll go unless there's a severe storm warning. Might want to pack an extra pair of boots."
2023-01-05 17:25:00,John,Manager,"I’ve included the updated budget details in the shared folder. Let me know if you have any questions."
2023-01-05 18:55:00,Manager,John,"Got it, thanks. I'll review first thing tomorrow."
2023-01-06 08:20:00,John,Mary,"Heading out for the site inspection. Could be a long day. If I'm late for dinner, I'll let you know."
2023-01-06 08:22:00,Mary,John,"Good luck out there! The kids have a half-day, so I'll keep them busy."
2023-01-07 09:00:00,John,Music Friend (Tony),"We should lock down a date for that open mic night. The local bar is scheduling for end of this month."
2023-01-07 09:15:00,Tony,John,"Absolutely! Let’s confirm we have at least three songs ready to showcase. I'm thinking we do a mix of upbeat and mellow tunes."
2023-01-07 16:10:00,John,Tom,"Any luck on finalizing those geotech reports? Need them for Monday's presentation."
2023-01-07 16:45:00,Tom,John,"I'm almost done. Will send by Sunday evening so you have enough time to prep."
2023-01-08 07:55:00,John,Mary,"Woke up early, did a quick workout. Kids still asleep?"
2023-01-08 08:00:00,Mary,John,"Yes, they're still snoozing. Enjoy your morning coffee in peace, haha!"
2023-01-08 21:18:00,John,Mary,"The new year's resolution is going strong. Already feeling more energetic!"
2023-01-09 11:05:00,Manager,John,"We have a late addition to the design scope. Could you revise your structural analysis by next Tuesday?"
2023-01-09 11:10:00,John,Manager,"Sure, I'll shuffle some tasks around and get it done."
2023-01-09 20:14:00,John,Music Friend (Tony),"I wrote a quick verse about city lights and the hum of daily life. It's a bit longer—mind if I send it over tonight for feedback?"
2023-01-09 22:01:00,Tony,John,"Send it my way. I'm all ears!"
2023-01-10 06:45:00,Mary,John,"Kids are up super early asking for pancakes. Care to join us before heading out?"
2023-01-10 06:50:00,John,Mary,"Count me in! I'll leave for work around 8."
2023-01-11 09:30:00,Tom,John,"FYI, we had to push the environmental meeting to next week because the city rep is out sick."
2023-01-11 09:32:00,John,Tom,"Got it. That gives me more time to polish the slides."
2023-01-11 19:10:00,John,Mary,"How did Tina's ballet practice go? She seemed nervous this morning."
2023-01-11 19:12:00,Mary,John,"She did great! Her instructor said she's making real progress on her posture and turns."
2023-01-12 08:10:00,John,Contractor (Phil),"Phil, do you have the latest cost estimates for the steel reinforcement? Manager is asking for them by EOD."
2023-01-12 08:12:00,Phil,John,"Yes, I'll compile them now. Should have something in your inbox by noon."
2023-01-12 21:45:00,John,Music Friend (Tony),"Dude, I just had an idea: what if we add a synth layer to the bridge of the song? It might give it a modern twist."
2023-01-13 07:25:00,Tony,John,"I'm intrigued. Let's experiment over the weekend. I'm all for new layers."
2023-01-13 15:00:00,John,Tom,"Hey, can you confirm the date for the site safety review next week? The crew asked me for a final schedule."
2023-01-13 15:05:00,Tom,John,"Wednesday at 10 AM. We'll meet at the main trailer on-site."
2023-01-14 09:20:00,John,Mary,"Took a short morning run. Let's take the kids to the park this afternoon if the weather holds up."
2023-01-14 09:30:00,Mary,John,"Great idea. They’ve been cooped up in the house all week."
2023-01-15 10:15:00,John,Music Friend (Tony),"Recording day! If we nail the final track, I’ll treat us to pizza."
2023-01-15 10:17:00,Tony,John,"Deal! I’ll bring the extra cables and my new pedalboard."
2023-01-16 08:12:00,John,Manager,"I’ve submitted the revised structural analysis. Let me know if you have any immediate feedback."
2023-01-16 08:15:00,Manager,John,"Received. I'll review today. Thanks for the quick turnaround."
2023-01-16 19:05:00,John,Mary,"Traffic is horrible. I'll be late. Save me some dinner?"
2023-01-16 19:08:00,Mary,John,"No problem, I'll keep it warm. Drive safe."
2023-01-17 06:50:00,John,Mary,"Morning run complete. I’m up to 5K without stopping—feeling proud!"
2023-01-17 06:55:00,Mary,John,"That's awesome! You've come a long way since last month."
2023-01-17 13:10:00,John,Tom,"Heads up: The city wants a detailed schedule for the next phase. Let’s finalize the timeline after lunch?"
2023-01-17 13:12:00,Tom,John,"Sure. I'll swing by your office around 2 PM."
2023-01-18 07:45:00,John,Music Friend (Tony),"Jamming tonight or tomorrow? I added a second verse that might need reworking."
2023-01-18 07:47:00,Tony,John,"Let’s do tomorrow. I have dinner plans with my folks tonight."
2023-01-19 08:00:00,John,Contractor (Phil),"Quick question: Are we still on track with the updated rebar specs? The supplier asked for a confirmation by Friday."
2023-01-19 08:10:00,Phil,John,"Yes, I'll confirm with them today. No changes from our side so far."
2023-01-19 20:20:00,John,Mary,"Remember Mike's science fair project is due next Monday. We should check on his progress this weekend."
2023-01-19 20:22:00,Mary,John,"Absolutely. He mentioned something about building a mini roller coaster model out of cardboard."
2023-01-20 06:55:00,Mary,John,"Don't forget we're meeting with Tina's teacher at 3 PM today to discuss her progress."
2023-01-20 07:00:00,John,Mary,"Thanks for the reminder. I'll wrap up early at work if possible."
2023-01-20 16:40:00,John,Music Friend (Tony),"We confirmed an open mic slot next Saturday, 9 PM. Let’s finalize our set list tomorrow!"
2023-01-20 17:10:00,Tony,John,"Awesome! I'm pumped. I'll bring the practice amp. Let’s get the transitions super tight."
2023-01-21 09:50:00,John,Tom,"Got a note from the geotech team. They found some irregularities in the soil. Might need a deeper foundation study."
2023-01-21 09:55:00,Tom,John,"Understood. Let’s meet Monday morning to discuss next steps."
2023-01-22 11:15:00,John,Mary,"I’m at the hardware store grabbing supplies for Mike’s project. Need anything?"
2023-01-22 11:17:00,Mary,John,"Pick up more cardboard sheets and some glue sticks, please."
2023-01-23 08:30:00,Manager,John,"We have a crucial client meeting tomorrow at 9 AM. Please bring the updated metrics for the highway project."
2023-01-23 08:35:00,John,Manager,"Will do. I'll finalize them today and be prepared."
2023-01-23 19:25:00,John,Music Friend (Tony),"Verse two is still feeling clunky. Let’s try a different chord progression so it doesn't drag."
2023-01-24 08:05:00,John,Mary,"If the meeting finishes early, I’ll swing by the school. Tina asked me to watch her new ballet routine."
2023-01-24 08:08:00,Mary,John,"She’ll be thrilled if you can make it. Break a leg at your meeting!"
2023-01-24 14:30:00,John,Tom,"Meeting went well. The client wants monthly updates. Let’s prepare a recurring deck."
2023-01-24 14:33:00,Tom,John,"Sounds good. I'll start drafting the template."
2023-01-25 06:55:00,John,Music Friend (Tony),"Feeling pretty good about our set. I'll start practicing a more dynamic strumming pattern for the second song."
2023-01-25 19:00:00,Tony,John,"Same here. I might add a small guitar solo if time permits, just to spice things up."
2023-01-26 07:15:00,John,Mary,"I have an early site visit. Can you drop off the kids at school?"
2023-01-26 07:20:00,Mary,John,"Yes, no problem. Good luck out there."
2023-01-26 22:10:00,John,Contractor (Phil),"Ran late at the site. Let’s do a quick debrief tomorrow morning about the foundation changes."
2023-01-27 06:40:00,Phil,John,"Sure, I'm available at 9. Good to see the team taking safety seriously."
2023-01-27 18:25:00,John,Tom,"I sent you a revised timeline with the new foundation analysis. Let me know if anything’s missing."
2023-01-27 18:35:00,Tom,John,"Looks solid. I'll integrate this into next week's presentation."
2023-01-28 08:30:00,John,Mary,"Hey, I'm heading to the gym. Kids up yet?"
2023-01-28 08:35:00,Mary,John,"They're awake but reading. Enjoy your workout!"
2023-01-28 13:10:00,John,Music Friend (Tony),"Rehearsal at 3 PM, right? I'll bring extra cables in case we do a direct line recording."
2023-01-28 13:12:00,Tony,John,"Yes, let's plan for at least two solid hours of practice before tomorrow’s open mic."
2023-01-29 10:20:00,Mary,John,"Don’t forget to pick up more groceries for the week after you finish playing at the open mic. Milk, eggs, fruit."
2023-01-29 23:45:00,John,Mary,"We rocked the open mic! Crowd was awesome. I'll grab groceries first thing tomorrow."
2023-01-30 07:50:00,John,Manager,"Morning, quick update: We discovered slight soil instability. We'll need to redo part of the load calculation. It might set us back a week."
2023-01-30 07:55:00,Manager,John,"Thanks for the heads-up. Let's discuss in today's 10 AM meeting."
2023-01-31 08:10:00,John,Tom,"I’ll be out on-site from 9–12. If the city rep calls, let them know I'll be back after lunch."
2023-01-31 08:15:00,Tom,John,"Will do, have fun in the mud."
2023-01-31 19:20:00,John,Mary,"Long day. I'm thinking about ordering takeout tonight. Chinese or pizza?"
2023-01-31 19:22:00,Mary,John,"Pizza, please! The kids want extra pepperoni."
2023-02-01 07:45:00,John,Music Friend (Tony),"Want to collaborate on a new track next week? I'm thinking of an electronic/acoustic fusion."
2023-02-01 08:05:00,Tony,John,"I'm game. Let’s schedule for Wednesday night. I’ll prep some samples."
2023-02-02 07:15:00,John,Mary,"Heading for a morning run in the park. Need anything on my way back?"
2023-02-02 07:17:00,Mary,John,"We need more coffee beans. Thanks!"
2023-02-02 16:20:00,Manager,John,"John, the city planning department wants more details on our stormwater management plan. Can you reach out to them by Friday?"
2023-02-02 16:25:00,John,Manager,"Yes, I’ll set up a call tomorrow morning."
2023-02-03 08:55:00,John,Tom,"Do we have an updated site plan that incorporates the new retention pond? The city is asking for details."
2023-02-03 09:00:00,Tom,John,"Working on it now. Will share a draft by EOD."
2023-02-04 10:15:00,John,Mary,"I'm thinking about adding some cross-training to my routine. Maybe cycling or swimming. Any local places you'd recommend?"
2023-02-04 10:17:00,Mary,John,"There's a community pool about 10 minutes away. We can get a family pass if you want to take the kids sometimes."
2023-02-05 09:30:00,John,Music Friend (Tony),"We should record a rough demo of that new electronic/acoustic idea. I just got a new plugin that could work great for layering."
2023-02-05 09:35:00,Tony,John,"Yes, let's do a test run and see how it vibes."
2023-02-06 13:00:00,John,Manager,"I've reached out to the city regarding stormwater details. We have a call scheduled for tomorrow at 11 AM."
2023-02-06 13:05:00,Manager,John,"Great, keep me posted on any immediate action items."
2023-02-07 08:12:00,Mary,John,"Mike says he's worried about his math test tomorrow. Can you go over some practice questions with him tonight?"
2023-02-07 08:15:00,John,Mary,"Sure thing. I'll be home by 7. Let’s set aside an hour for that."
2023-02-07 20:55:00,John,Mary,"We nailed those equations. I think he'll do great. He just needed some confidence."
2023-02-08 09:45:00,John,Tom,"The soil test results came in. They look better than expected. This should simplify the next phase."
2023-02-08 09:50:00,Tom,John,"Awesome news. Let’s roll that into the updated project timeline."
2023-02-09 07:50:00,John,Music Friend (Tony),"Let me know if you have any new lyric ideas for the second verse of our track. I'm a bit stuck, maybe a theme about perseverance?"
2023-02-09 07:55:00,Tony,John,"I wrote something last night about overcoming challenges in daily life. I’ll send it over."
2023-02-10 19:12:00,John,Mary,"Headed to Mike's soccer game now. Are you on your way?"
2023-02-10 19:15:00,Mary,John,"Running a bit late, stuck in traffic. Save me a seat!"
2023-02-11 08:10:00,John,Mary,"The kids want pancakes again for breakfast. We might need to buy extra pancake mix soon!"
2023-02-11 13:20:00,John,Music Friend (Tony),"I just tried layering a violin sample over the chorus. It's surprisingly fitting. Check your email for a snippet."
2023-02-11 13:30:00,Tony,John,"Listening now. Wow, that’s a unique twist—I love it!"
2023-02-12 09:05:00,Mary,John,"Will you be around for lunch, or are you heading to the site?"
2023-02-12 09:10:00,John,Mary,"Got a quick check at the site. Should be back by 1 PM for lunch."
2023-02-13 08:00:00,Manager,John,"We have a department head meeting today at 4 PM. Let’s plan to show them our progress on the highway project."
2023-02-13 08:05:00,John,Manager,"I’ll prepare a quick slideshow and bring updated site photos."
2023-02-14 07:45:00,Mary,John,"Happy Valentine's Day! Kids and I left a little surprise in your car."
2023-02-14 07:48:00,John,Mary,"Aww, you guys are the best. Love you!"
2023-02-15 08:45:00,Tom,John,"We’re on-site. The structural test is in progress. Everything looks stable so far."
2023-02-15 08:50:00,John,Tom,"Great news. I'll be there by 10."
2023-02-16 07:10:00,John,Music Friend (Tony),"We might have a chance to play at a spring festival next month. Interested?"
2023-02-16 07:15:00,Tony,John,"Definitely! Let's finalize our setlist soon."
2023-02-17 12:00:00,John,Manager,"Update: The site test results are official, and we passed with no major notes from the inspector."
2023-02-17 12:05:00,Manager,John,"That’s excellent. We can proceed with full-scale construction now."
2023-02-18 09:30:00,Mary,John,"Do you have time to come to Tina's ballet recital rehearsal? It's at 10 this morning."
2023-02-18 09:32:00,John,Mary,"On my way now. I'll sneak in quietly so she doesn’t get nervous."
2023-02-19 08:00:00,John,Music Friend (Tony),"I wrote a new riff I’m excited about. It's got a bluesy feel but transitions well into pop chords. I'll show you later."
2023-02-19 08:05:00,Tony,John,"Nice, can’t wait to hear it. Let’s integrate it into our next track."
2023-02-20 07:50:00,John,Mary,"Meeting with the city at 9. Wish me luck. It's a big one."
2023-02-20 07:52:00,Mary,John,"You’ll do great. Keep me posted!"
2023-02-20 18:10:00,John,Tom,"Meeting was successful. They approved our next steps. Let's regroup tomorrow to plan the labor schedule."
2023-02-20 18:15:00,Tom,John,"Sounds good. Congrats on the approval!"
2023-02-21 08:45:00,John,Contractor (Phil),"Phil, we have the green light. Let's finalize the materials order and timeline next week."
2023-02-21 08:50:00,Phil,John,"Will do. I'll bring updated vendor quotes to the meeting."
2023-02-22 09:10:00,John,Mary,"Mike scored two goals in practice! He’s so pumped for next week’s match."
2023-02-22 09:15:00,Mary,John,"That’s awesome! I’ll make sure he gets extra practice this weekend."
2023-02-23 07:05:00,John,Music Friend (Tony),"I’m thinking about filming a quick behind-the-scenes video of our jam sessions. Could be fun for social media."
2023-02-23 07:10:00,Tony,John,"Great idea. Let's show the world our creative chaos!"
2023-02-24 12:20:00,John,Manager,"All budget revisions are complete. Check the shared drive for the updated Excel sheets."
2023-02-24 12:25:00,Manager,John,"Reviewing now. If everything lines up, we'll present at next week's board meeting."
2023-02-25 09:50:00,John,Mary,"Don’t forget Mike's soccer match is at 11 today. I'm heading over now."
2023-02-25 09:55:00,Mary,John,"Leaving in 5 minutes. Save me a spot on the sidelines."
2023-02-26 20:10:00,John,Music Friend (Tony),"We should do a brainstorming session for that blues-pop track. Maybe next Thursday?"
2023-02-26 20:15:00,Tony,John,"Works for me. Let’s meet at your studio around 7 PM."
2023-02-27 07:40:00,John,Mary,"Busy day today: site inspection, then a budget meeting. I'll be home after 6."
2023-02-27 07:42:00,Mary,John,"Okay, I'll handle dinner and homework time with the kids."
2023-02-28 10:05:00,John,Tom,"We found a small drainage issue. The city might ask for an extra drainage channel. Let's see if we can pivot quickly."
2023-02-28 10:10:00,Tom,John,"Noted. We can probably incorporate that without major redesign."
2023-03-01 07:35:00,John,Music Friend (Tony),"Conference next week might delay our jam session. Let’s aim for the following weekend. I'll be traveling from Wed–Fri."
2023-03-01 07:40:00,Tony,John,"No worries, safe travels. I’ll work on refining lyrics in the meantime."
2023-03-02 09:50:00,Mary,John,"Don’t forget to sign the permission slip for Tina’s field trip. It's due tomorrow."
2023-03-02 09:55:00,John,Mary,"Thanks for the reminder. I'll fill it out tonight."
2023-03-03 07:25:00,Manager,John,"We'll need a quick check-in on the new drainage plan this afternoon. Are you free at 3 PM?"
2023-03-03 07:30:00,John,Manager,"Yes, I'll be in the office and ready."
2023-03-04 10:10:00,John,Mary,"Heading to the gym for a quick strength workout. Kids want to join me?"
2023-03-04 10:15:00,Mary,John,"They’re busy with a board game right now. Have fun!"
2023-03-05 18:35:00,John,Tom,"Just finished reviewing the site layout changes. Looks good. We might need to order extra rebar."
2023-03-05 18:37:00,Tom,John,"Agreed. I'll place the order tomorrow. Thanks for checking."
2023-03-06 08:55:00,John,Music Friend (Tony),"Landed safely at the conference. I'll check out some sessions on sustainable building—maybe it'll inspire new lyrics!"
2023-03-06 09:00:00,Tony,John,"Haha, I’d love to see a track about eco-friendly infrastructure. Have fun!"
2023-03-07 13:25:00,John,Mary,"Conference is going great. Met some interesting folks. How are the kids?"
2023-03-07 13:30:00,Mary,John,"They’re good. Mike is finishing a project, Tina is practicing her ballet moves. We all miss you!"
2023-03-08 20:00:00,John,Mary,"Flight got delayed. I won't be home until after midnight. Sorry!"
2023-03-08 20:05:00,Mary,John,"No worries. Drive safe from the airport. We'll see you in the morning."
2023-03-09 09:50:00,John,Tom,"Back from the conference. Let’s catch up on the new specs. Free at 2 PM?"
2023-03-09 09:55:00,Tom,John,"Yes, see you then."
2023-03-10 06:45:00,John,Music Friend (Tony),"Got a bunch of new ideas from the conference. Let’s jam tonight if you're free."
2023-03-10 06:50:00,Tony,John,"I’m down. Let’s aim for 7 PM at your studio."
2023-03-11 14:20:00,John,Mary,"We’re finalizing the track—it's sounding really good! Kids doing alright?"
2023-03-11 14:22:00,Mary,John,"Yes, they’re working on an art project and want to show you when you get back."
2023-03-12 09:30:00,Manager,John,"Just a reminder: The city council meeting about our highway project is scheduled for March 15. Be prepared to present the final design."
2023-03-12 09:35:00,John,Manager,"Got it. I’ll ensure we have everything polished by then."
2023-03-13 07:25:00,John,Tom,"Could you send me the final PDF plans so I can attach them to the council packet?"
2023-03-13 07:28:00,Tom,John,"Sure, I'll do that in a few minutes."
2023-03-14 18:40:00,John,Mary,"Long day at the office. I might not make it for dinner. Go ahead without me."
2023-03-14 18:42:00,Mary,John,"Okay, I'll save you a plate. Good luck finishing up."
2023-03-15 21:28:00,John,Music Friend (Tony),"Just got back from the council meeting. It went well! Free this weekend to jam?"
2023-03-15 21:35:00,Tony,John,"Absolutely. Let’s celebrate the good news with a new track."
2023-03-16 06:50:00,John,Mary,"Conference call at 8, then I'm out to the site. Should be home by 6. Any dinner preferences?"
2023-03-16 06:55:00,Mary,John,"Let's do pasta tonight. We can bake some garlic bread on the side."
2023-03-17 07:10:00,John,Contractor (Phil),"Hey Phil, any update on the steel delivery schedule? Hoping we can start installation on Monday."
2023-03-17 07:15:00,Phil,John,"Should arrive on site Sunday evening. I'll confirm the truck details this afternoon."
2023-03-18 09:00:00,John,Mary,"Taking Tina to ballet practice. Need me to run any errands after?"
2023-03-18 09:05:00,Mary,John,"We’re low on fruit and cereal. Thanks!"
2023-03-19 10:10:00,John,Music Friend (Tony),"I'm messing with layering guitar tracks differently. I'll share the samples soon—some are more ambient, others are punchier."
2023-03-19 10:12:00,Tony,John,"Can’t wait to hear the variations. Let's see which vibe fits best."
2023-03-20 07:40:00,John,Mary,"Meeting with a new junior engineer today. I'll be mentoring them through the design process."
2023-03-20 07:42:00,Mary,John,"That's great. You're such a natural teacher."
2023-03-20 19:58:00,John,Mary,"Long day but productive. Kids already in bed?"
2023-03-20 20:00:00,Mary,John,"Yes, they just fell asleep. Quiet night for us!"
2023-03-21 07:15:00,John,Manager,"We’re on track with steel installation. No major delays so far."
2023-03-21 07:20:00,Manager,John,"Excellent. Keep the momentum going. Our stakeholders will be happy to hear this."
2023-03-22 08:45:00,John,Tom,"Could you review the new timeline for the last construction phase? I'd like to finalize it by Friday."
2023-03-22 08:48:00,Tom,John,"Sure, I'll take a look today and provide feedback."
2023-03-23 18:30:00,John,Mary,"Traffic is insane. Might be home after 8. Save me some of that lasagna?"
2023-03-23 18:32:00,Mary,John,"Will do. Drive safe and see you soon."
2023-03-24 07:05:00,John,Music Friend (Tony),"We have a gig offer for next month at the local coffee shop. It's a chill vibe—perfect for acoustic sets."
2023-03-24 07:10:00,Tony,John,"I love it. Let's confirm the date and start practicing a shorter set list."
2023-03-25 09:50:00,John,Mary,"Tina has her ballet performance at 4 PM. I'll be there by 3:30 to get good seats."
2023-03-25 09:55:00,Mary,John,"Perfect. I'll save you a spot if I arrive first."
2023-03-25 21:15:00,John,Music Friend (Tony),"The open mic was a blast tonight! Crowd loved our acoustic set. Let's share clips on social."
2023-03-25 21:18:00,Tony,John,"Yes, I'll edit the footage tomorrow and tag you."
2023-03-26 10:00:00,John,Tom,"We need a quick check of the rebar installation. Let’s do it tomorrow at 8 AM?"
2023-03-26 10:05:00,Tom,John,"Works for me. I'll notify the crew."
2023-03-27 07:40:00,John,Mary,"Mike's got a spelling bee at school today, right? Let's wish him luck!"
2023-03-27 07:45:00,Mary,John,"Yep, he's super excited. We'll let you know how it goes."
2023-03-28 09:15:00,Manager,John,"The board is requesting photos or videos showing the current progress at the site. Can you capture some footage today?"
2023-03-28 09:20:00,John,Manager,"Sure thing. I'll bring the drone for aerial shots."
2023-03-28 19:58:00,John,Mary,"Exhausted from all that filming, but got some awesome shots! Let’s watch them together tonight."
